,Season,Name,G,PA,R,SO,SF,GDP,SB,CS,LD%,GB%,FB%,wOBA
0,2019,Mike Trout,134,600,110,120,4,5,11,2,0.266,0.243,0.49200000000000005,0.436
1,2019,Alex Bregman,156,690,122,83,8,9,5,1,0.225,0.315,0.45899999999999996,0.418
2,2019,Christian Yelich,130,580,100,118,3,8,30,2,0.209,0.43200000000000005,0.359,0.442
3,2019,Cody Bellinger,156,660,121,108,4,10,15,5,0.262,0.315,0.424,0.415
4,2019,Marcus Semien,162,747,123,102,1,11,10,8,0.2,0.41100000000000003,0.389,0.373
5,2019,Ketel Marte,144,628,97,86,2,7,10,2,0.222,0.431,0.348,0.405
6,2019,Anthony Rendon,146,646,117,86,9,13,5,1,0.212,0.331,0.457,0.413
7,2019,Xander Bogaerts,155,698,110,122,6,11,4,2,0.191,0.41200000000000003,0.39799999999999996,0.39
8,2019,Mookie Betts,150,706,135,101,9,11,16,3,0.248,0.315,0.43799999999999994,0.38
9,2019,George Springer,122,556,96,113,4,12,6,2,0.19699999999999998,0.446,0.35700000000000004,0.4
10,2019,Matt Chapman,156,670,102,147,3,12,1,1,0.155,0.415,0.431,0.354
11,2019,Nolan Arenado,155,662,102,93,8,14,3,2,0.193,0.36,0.447,0.392
12,2019,Rafael Devers,156,702,129,119,2,8,8,8,0.213,0.444,0.34299999999999997,0.377
13,2019,Trevor Story,145,656,111,174,3,3,23,8,0.243,0.33399999999999996,0.423,0.38
14,2019,Yoan Moncada,132,559,83,154,3,1,10,3,0.231,0.423,0.345,0.379
15,2019,J.T. Realmuto,145,593,92,123,8,12,9,1,0.23399999999999999,0.39,0.376,0.34
16,2019,Ronald Acuna Jr.,156,715,127,188,1,8,37,9,0.244,0.38,0.376,0.369
17,2019,DJ LeMahieu,145,655,109,90,4,14,5,2,0.237,0.501,0.262,0.375
18,2019,Yasmani Grandal,153,632,79,139,5,16,5,1,0.22899999999999998,0.391,0.38,0.361
19,2019,Josh Donaldson,155,659,96,155,2,13,4,2,0.215,0.42200000000000004,0.364,0.377
20,2019,Juan Soto,150,659,110,132,6,11,12,1,0.212,0.41600000000000004,0.37200000000000005,0.39399999999999996
21,2019,Pete Alonso,161,693,103,183,3,13,1,0,0.18,0.405,0.415,0.384
22,2019,Kris Bryant,147,634,108,145,2,10,4,0,0.209,0.359,0.43200000000000005,0.379
23,2019,Max Muncy,141,589,101,149,4,5,4,1,0.235,0.37799999999999995,0.387,0.37200000000000005
24,2019,Aaron Judge,102,447,75,141,1,11,3,2,0.273,0.40299999999999997,0.324,0.382
25,2019,Jeff McNeil,133,567,83,75,1,5,5,6,0.221,0.433,0.34700000000000003,0.384
26,2019,Bryce Harper,157,682,98,178,4,10,15,3,0.239,0.38299999999999995,0.37799999999999995,0.365
27,2019,Ozzie Albies,160,702,102,112,4,2,15,4,0.255,0.379,0.366,0.354
28,2019,Eugenio Suarez,159,662,87,189,6,12,3,2,0.217,0.36,0.423,0.381
29,2019,Carlos Santana,158,686,110,108,2,13,4,0,0.171,0.452,0.377,0.38
30,2019,Max Kepler,134,596,98,99,4,5,1,5,0.172,0.361,0.466,0.355
31,2019,Francisco Lindor,143,654,101,98,6,13,22,5,0.19699999999999998,0.43700000000000006,0.366,0.349
32,2019,Javier Baez,138,561,89,156,2,16,11,7,0.18100000000000002,0.503,0.316,0.34700000000000003
33,2019,Nelson Cruz,120,521,81,131,3,14,0,1,0.20199999999999999,0.396,0.402,0.41700000000000004
34,2019,Michael Brantley,148,637,88,66,4,21,3,2,0.239,0.45299999999999996,0.308,0.36700000000000005
35,2019,Paul DeJong,159,664,97,149,6,15,9,5,0.18,0.377,0.44299999999999995,0.322
36,2019,Freddie Freeman,158,692,113,127,2,17,6,3,0.275,0.38299999999999995,0.341,0.387
37,2019,Anthony Rizzo,146,613,89,86,3,15,5,2,0.253,0.429,0.319,0.39
38,2019,Austin Meadows,138,591,83,131,0,3,12,7,0.231,0.341,0.429,0.38
39,2019,Mark Canha,126,497,80,107,2,10,3,2,0.184,0.41,0.40700000000000003,0.386
40,2019,Jorge Polanco,153,704,107,116,7,11,4,3,0.263,0.292,0.444,0.35200000000000004
41,2019,Jonathan Villar,162,714,111,176,4,8,40,9,0.198,0.489,0.313,0.335
42,2019,Mitch Garver,93,359,70,87,2,5,0,0,0.13699999999999998,0.389,0.473,0.40399999999999997
43,2019,Matt Olson,127,547,73,138,1,11,0,0,0.24,0.314,0.446,0.368
44,2019,Ramon Laureano,123,481,79,123,8,7,13,2,0.251,0.35700000000000004,0.392,0.35600000000000004
45,2019,Yordan Alvarez,87,369,58,94,2,9,0,0,0.249,0.38,0.371,0.43200000000000005
46,2019,Michael Conforto,151,648,90,149,5,11,7,2,0.239,0.361,0.4,0.358
47,2019,Eduardo Escobar,158,699,94,130,10,8,5,1,0.22699999999999998,0.32799999999999996,0.446,0.341
48,2019,Kolten Wong,148,549,61,83,5,2,24,4,0.204,0.44,0.35600000000000004,0.33399999999999996
49,2019,Fernando Tatis Jr.,84,372,61,110,3,4,16,6,0.22399999999999998,0.466,0.309,0.39799999999999996
50,2019,Jorge Soler,162,679,95,178,4,16,3,1,0.195,0.39299999999999996,0.41200000000000003,0.37799999999999995
51,2019,Trey Mancini,154,679,106,143,5,22,1,0,0.222,0.45899999999999996,0.319,0.373
52,2019,Gleyber Torres,144,604,96,129,6,10,5,2,0.209,0.37200000000000005,0.419,0.358
53,2019,Brett Gardner,141,550,86,108,3,6,10,2,0.17600000000000002,0.442,0.382,0.344
54,2019,Jose Altuve,124,548,89,82,3,19,6,5,0.17600000000000002,0.499,0.325,0.374
55,2019,Tim Anderson,123,518,81,109,2,12,17,5,0.23800000000000002,0.486,0.276,0.363
56,2019,Trea Turner,122,569,96,113,2,10,35,5,0.2,0.47200000000000003,0.32799999999999996,0.35600000000000004
57,2019,Christian Vazquez,138,521,66,101,3,17,4,2,0.23,0.39299999999999996,0.377,0.331
58,2019,Justin Turner,135,549,80,88,5,11,2,0,0.259,0.33799999999999997,0.40399999999999997,0.37
59,2019,David Fletcher,154,653,83,64,1,8,8,3,0.264,0.44,0.29600000000000004,0.318
60,2019,Joey Gallo,70,297,54,114,1,0,4,2,0.256,0.272,0.47200000000000003,0.401
61,2019,Tommy Pham,145,654,77,123,1,22,25,4,0.218,0.534,0.248,0.349
62,2019,Corey Seager,134,541,82,98,4,8,1,0,0.218,0.39,0.392,0.34
63,2019,Jose Ramirez,129,542,68,74,6,8,24,4,0.20600000000000002,0.32899999999999996,0.465,0.33399999999999996
64,2019,J.D. Martinez,146,657,98,138,5,19,2,0,0.22399999999999998,0.428,0.348,0.386
65,2019,Carlos Correa,75,321,42,75,4,8,1,0,0.213,0.391,0.396,0.38
66,2019,Yuli Gurriel,144,612,85,65,6,12,5,3,0.22399999999999998,0.382,0.39399999999999996,0.364
67,2019,Bryan Reynolds,134,546,83,121,3,9,3,2,0.239,0.46399999999999997,0.298,0.371
68,2019,Tom Murphy,76,281,32,87,1,0,2,0,0.19,0.345,0.466,0.355
69,2019,Tommy Edman,92,349,59,61,0,3,15,1,0.247,0.40700000000000003,0.34600000000000003,0.35700000000000004
70,2019,Giovanny Urshela,132,476,73,87,4,13,1,1,0.253,0.41200000000000003,0.33399999999999996,0.369
71,2019,Brian Anderson,126,520,57,114,3,15,5,1,0.193,0.45399999999999996,0.353,0.342
72,2019,Manny Machado,156,661,81,128,3,24,5,3,0.171,0.418,0.41100000000000003,0.335
73,2019,Joc Pederson,149,514,83,111,2,4,1,1,0.174,0.418,0.409,0.36200000000000004
74,2019,Hunter Dozier,139,586,75,148,5,9,2,2,0.21600000000000003,0.345,0.439,0.36
75,2019,Starling Marte,132,586,97,94,4,15,25,6,0.214,0.505,0.282,0.353
76,2019,Roberto Perez,119,449,46,127,4,12,0,0,0.171,0.506,0.32299999999999995,0.326
77,2019,Howie Kendrick,121,370,61,49,5,11,2,1,0.187,0.484,0.32899999999999996,0.4
78,2019,Paul Goldschmidt,161,682,97,166,3,11,3,1,0.221,0.385,0.39399999999999996,0.34600000000000003
79,2019,Whit Merrifield,162,735,105,126,4,8,20,10,0.285,0.38,0.335,0.34
80,2019,Kyle Seager,106,443,55,86,2,12,2,2,0.23399999999999999,0.32799999999999996,0.43799999999999994,0.332
81,2019,Nicholas Castellanos,151,664,100,143,3,12,2,2,0.22699999999999998,0.377,0.396,0.35700000000000004
82,2019,Mike Moustakas,143,584,80,98,2,12,3,0,0.18899999999999997,0.358,0.45299999999999996,0.348
83,2019,Willy Adames,152,584,69,153,1,9,4,2,0.22899999999999998,0.46799999999999997,0.303,0.313
84,2019,Miguel Sano,105,439,76,159,1,5,0,1,0.212,0.369,0.419,0.37799999999999995
85,2019,Willson Contreras,105,409,57,102,2,4,1,2,0.158,0.502,0.34,0.368
86,2019,Byron Buxton,87,295,48,68,1,3,14,3,0.221,0.294,0.485,0.34
87,2019,Scott Kingery,126,500,64,147,2,3,15,4,0.262,0.33899999999999997,0.39899999999999997,0.32899999999999996
88,2019,Amed Rosario,157,655,75,124,3,13,19,10,0.22399999999999998,0.483,0.293,0.318
89,2019,Kyle Schwarber,155,610,82,156,6,6,2,3,0.198,0.38,0.42200000000000004,0.35700000000000004
90,2019,Mike Tauchman,87,296,46,71,1,9,6,0,0.249,0.418,0.33299999999999996,0.364
91,2019,Brandon Lowe,82,327,42,113,1,1,5,0,0.26899999999999996,0.302,0.429,0.354
92,2019,Eric Sogard,110,442,59,63,3,4,8,0,0.257,0.32,0.423,0.342
93,2019,Josh Bell,143,613,94,118,7,11,0,1,0.188,0.44,0.373,0.37799999999999995
94,2019,Edwin Encarnacion,109,486,81,103,3,4,0,1,0.18600000000000003,0.308,0.506,0.36200000000000004
95,2019,Marcell Ozuna,130,549,80,114,1,21,12,2,0.23399999999999999,0.414,0.35200000000000004,0.336
96,2019,Kole Calhoun,152,632,92,162,2,14,4,1,0.223,0.408,0.369,0.33
97,2019,Victor Robles,155,617,86,140,5,6,28,9,0.23,0.40299999999999997,0.36700000000000005,0.317
98,2019,J.D. Davis,140,453,65,97,2,14,3,0,0.22899999999999998,0.47,0.302,0.373
99,2019,Kevin Newman,130,531,61,62,1,5,16,8,0.221,0.494,0.284,0.33899999999999997
100,2019,Cavan Biggio,100,430,66,123,2,0,14,0,0.276,0.254,0.47,0.34299999999999997
101,2019,Nick Ahmed,158,625,79,113,12,15,8,2,0.19899999999999998,0.483,0.318,0.315
102,2019,Adalberto Mondesi,102,443,58,132,6,6,43,7,0.192,0.469,0.33899999999999997,0.298
103,2019,Gary Sanchez,106,446,62,125,1,3,0,1,0.203,0.321,0.47600000000000003,0.34600000000000003
104,2019,Adam Eaton,151,656,103,106,3,8,15,3,0.2,0.396,0.40399999999999997,0.342
105,2019,Robinson Chirinos,114,437,57,125,5,11,1,2,0.255,0.35,0.395,0.336
106,2019,James McCann,118,476,62,137,0,10,4,1,0.235,0.444,0.321,0.33299999999999996
107,2019,Jean Segura,144,618,79,73,3,11,10,2,0.21,0.519,0.271,0.315
108,2019,Jordan Luplow,85,261,42,61,1,7,3,2,0.207,0.402,0.39,0.38299999999999995
109,2019,Mike Yastrzemski,107,411,64,107,3,4,2,4,0.228,0.33799999999999997,0.433,0.353
110,2019,Christian Walker,152,603,86,155,1,11,8,1,0.2,0.41600000000000004,0.384,0.34600000000000003
111,2019,Rhys Hoskins,160,705,86,173,6,10,2,2,0.20600000000000002,0.29,0.504,0.34700000000000003
112,2019,Alex Verdugo,106,377,43,49,6,8,4,1,0.22699999999999998,0.48700000000000004,0.287,0.341
113,2019,Adam Frazier,152,608,80,75,1,6,5,5,0.259,0.41100000000000003,0.331,0.32
114,2019,Keston Hiura,84,348,51,107,1,6,9,3,0.24,0.38,0.38,0.38799999999999996
115,2019,Luis Arraez,92,366,54,29,3,2,2,2,0.294,0.415,0.29100000000000004,0.36
116,2019,Tyler Flowers,85,310,36,105,2,8,0,0,0.20199999999999999,0.452,0.345,0.31
117,2019,Charlie Blackmon,140,634,112,104,5,11,2,5,0.23,0.392,0.37799999999999995,0.387
118,2019,Tommy La Stella,80,321,49,28,0,8,0,0,0.214,0.45399999999999996,0.332,0.35100000000000003
119,2019,Andrew Benintendi,138,615,72,140,5,6,10,3,0.21,0.38299999999999995,0.40700000000000003,0.33
120,2019,Evan Longoria,129,508,59,112,5,14,3,1,0.217,0.41,0.373,0.322
121,2019,Danny Santana,130,511,81,151,5,8,21,6,0.247,0.402,0.35100000000000003,0.35200000000000004
122,2019,Eric Thames,149,459,67,140,2,0,3,2,0.205,0.33299999999999996,0.461,0.354
123,2019,Ryan Braun,144,508,70,105,3,15,11,1,0.192,0.504,0.304,0.354
124,2019,Jose Abreu,159,693,85,152,10,24,2,2,0.217,0.46299999999999997,0.319,0.344
125,2019,Eloy Jimenez,122,504,69,134,2,11,0,0,0.182,0.479,0.33899999999999997,0.34299999999999997
126,2019,Carson Kelly,111,365,46,79,1,11,0,0,0.21600000000000003,0.373,0.41100000000000003,0.33899999999999997
127,2019,Ji-Man Choi,127,487,54,108,7,7,2,3,0.237,0.41600000000000004,0.34700000000000003,0.348
128,2019,Brian Goodwin,136,458,65,129,3,3,7,3,0.245,0.325,0.43,0.332
129,2019,Asdrubal Cabrera,131,514,69,103,7,9,4,0,0.23800000000000002,0.384,0.37799999999999995,0.331
130,2019,Hunter Renfroe,140,494,64,154,6,6,5,0,0.158,0.363,0.479,0.32
131,2019,Todd Frazier,133,499,63,106,0,9,1,2,0.218,0.35,0.43200000000000005,0.32799999999999996
132,2019,Jason Heyward,147,589,78,110,3,12,8,3,0.196,0.46299999999999997,0.342,0.32799999999999996
133,2019,Hanser Alberto,139,550,62,50,3,9,4,4,0.20800000000000002,0.46799999999999997,0.325,0.318
134,2019,Niko Goodrum,112,472,61,138,2,7,12,3,0.276,0.409,0.315,0.315
135,2019,Miguel Rojas,132,526,52,62,5,15,9,5,0.23600000000000002,0.46799999999999997,0.29600000000000004,0.305
136,2019,Hunter Pence,83,316,53,69,2,2,6,1,0.196,0.447,0.35600000000000004,0.377
137,2019,Lourdes Gurriel Jr.,84,343,52,86,3,4,6,4,0.177,0.39399999999999996,0.429,0.358
138,2019,Shohei Ohtani,106,425,51,110,4,6,12,3,0.259,0.496,0.245,0.35200000000000004
139,2019,Omar Narvaez,132,482,63,92,3,5,0,0,0.263,0.331,0.405,0.345
140,2019,Avisail Garcia,125,530,61,125,3,15,10,4,0.223,0.46,0.316,0.33399999999999996
141,2019,Buster Posey,114,445,43,71,1,18,0,0,0.22699999999999998,0.49,0.284,0.298
142,2019,Harrison Bader,128,406,54,117,2,3,11,3,0.174,0.384,0.442,0.293
143,2019,Bo Bichette,46,212,32,50,1,2,4,4,0.226,0.43799999999999994,0.336,0.384
144,2019,Will Smith,54,196,30,52,3,3,2,0,0.174,0.289,0.537,0.369
145,2019,Luke Voit,118,510,72,142,1,12,0,0,0.257,0.396,0.34700000000000003,0.36
146,2019,Shin-Soo Choo,151,660,93,165,1,6,15,1,0.218,0.491,0.29100000000000004,0.353
147,2019,David Peralta,99,423,48,87,1,9,0,0,0.213,0.51,0.27699999999999997,0.33799999999999997
148,2019,Chris Taylor,124,414,52,115,5,6,8,0,0.273,0.379,0.348,0.331
149,2019,Brian Dozier,135,482,54,105,1,11,3,4,0.20600000000000002,0.354,0.441,0.32899999999999996
150,2019,Oscar Mercado,115,482,70,84,4,9,15,4,0.215,0.39899999999999997,0.385,0.321
151,2019,Jon Berti,73,287,52,73,1,2,17,3,0.262,0.53,0.20800000000000002,0.326
152,2019,Cesar Hernandez,161,667,77,100,4,9,9,2,0.22699999999999998,0.486,0.287,0.315
153,2019,Andrelton Simmons,103,424,47,37,0,21,10,2,0.14400000000000002,0.539,0.317,0.29
154,2019,Cameron Maybin,82,269,48,72,0,5,9,6,0.19399999999999998,0.41200000000000003,0.39399999999999996,0.36200000000000004
155,2019,Daniel Vogelbach,144,558,73,149,2,4,0,0,0.222,0.33,0.44799999999999995,0.33299999999999996
156,2019,Jason Castro,79,275,39,88,1,0,0,0,0.247,0.36,0.39299999999999996,0.32799999999999996
157,2019,Victor Reyes,69,292,29,64,2,5,9,3,0.287,0.45,0.263,0.325
158,2019,Travis d'Arnaud,103,391,52,85,6,4,0,1,0.20600000000000002,0.408,0.386,0.314
159,2019,Jose Iglesias,146,530,62,70,2,17,6,6,0.237,0.522,0.24100000000000002,0.306
160,2019,Manuel Margot,151,441,59,88,0,6,20,4,0.16399999999999998,0.433,0.40299999999999997,0.29600000000000004
161,2019,Ian Happ,58,156,25,39,1,1,2,0,0.158,0.426,0.41600000000000004,0.368
162,2019,Andrew McCutchen,59,262,45,55,0,1,2,1,0.183,0.451,0.366,0.358
163,2019,Yandy Diaz,79,347,53,61,4,9,2,2,0.172,0.508,0.32,0.341
164,2019,Austin Nola,79,267,37,63,1,8,1,0,0.193,0.39799999999999996,0.409,0.337
165,2019,Tyler Naquin,89,294,34,66,2,8,4,2,0.20600000000000002,0.435,0.359,0.33
166,2019,David Bote,127,356,47,93,2,11,5,1,0.231,0.5,0.26899999999999996,0.336
167,2019,Dexter Fowler,150,574,69,142,4,6,8,5,0.253,0.38799999999999996,0.359,0.326
168,2019,Dansby Swanson,127,545,77,124,5,7,10,5,0.258,0.371,0.371,0.317
169,2019,Kevin Pillar,161,645,83,89,7,15,14,5,0.19699999999999998,0.441,0.363,0.298
170,2019,Lorenzo Cain,148,623,75,106,4,14,18,8,0.257,0.502,0.24100000000000002,0.302
171,2019,Kevin Kiermaier,129,480,60,104,1,8,19,5,0.17300000000000001,0.535,0.292,0.284
172,2019,David Freese,79,186,35,44,0,7,0,0,0.254,0.441,0.305,0.415
173,2019,David Dahl,100,413,67,110,5,3,4,4,0.261,0.414,0.325,0.364
174,2019,Victor Caratini,95,279,31,59,3,6,1,0,0.239,0.495,0.266,0.33799999999999997
175,2019,Wilson Ramos,141,524,52,69,3,16,1,0,0.184,0.624,0.192,0.327
176,2019,Jackie Bradley Jr.,147,567,69,155,2,6,8,6,0.17,0.496,0.33399999999999996,0.314
177,2019,Marwin Gonzalez,114,463,52,98,1,7,1,0,0.239,0.44799999999999995,0.313,0.313
178,2019,Freddy Galvis,147,589,67,145,2,14,4,2,0.209,0.40399999999999997,0.387,0.307
179,2019,Greg Garcia,134,372,52,83,2,4,0,2,0.218,0.551,0.231,0.319
180,2019,Elvis Andrus,147,648,81,96,10,16,31,8,0.213,0.51,0.27699999999999997,0.3
181,2019,Danny Jansen,107,384,41,79,1,8,0,1,0.204,0.387,0.409,0.275
182,2019,Austin Hedges,102,347,28,109,1,3,1,0,0.223,0.317,0.46,0.242
183,2019,Donovan Solano,81,228,27,49,2,4,0,1,0.33899999999999997,0.369,0.292,0.34600000000000003
184,2019,Garrett Cooper,107,421,52,110,2,10,0,0,0.24600000000000002,0.522,0.23199999999999998,0.337
185,2019,Brandon Nimmo,69,254,34,71,3,1,3,0,0.233,0.38799999999999996,0.38,0.34
186,2019,Jonathan Schoop,121,464,61,116,1,13,1,1,0.198,0.434,0.368,0.324
187,2019,Alex Avila,63,201,22,68,0,8,1,0,0.22899999999999998,0.521,0.25,0.32299999999999995
188,2019,Brock Holt,87,295,38,57,4,4,1,0,0.248,0.47600000000000003,0.27699999999999997,0.33299999999999996
189,2019,Alex Gordon,150,633,77,100,6,13,5,3,0.231,0.462,0.307,0.319
190,2019,Jorge Alfaro,130,465,44,154,2,12,4,4,0.21899999999999997,0.527,0.254,0.312
191,2019,Starlin Castro,162,676,68,111,9,23,2,2,0.191,0.479,0.33,0.307
192,2019,Jurickson Profar,139,518,65,75,3,12,9,1,0.217,0.413,0.37,0.301
193,2019,Jacob Stallings,71,210,26,40,0,3,0,0,0.185,0.47700000000000004,0.33799999999999997,0.297
194,2019,Leury Garcia,140,618,93,139,3,6,15,5,0.215,0.5489999999999999,0.23600000000000002,0.294
195,2019,J.P. Crawford,93,396,43,83,3,4,5,3,0.205,0.447,0.348,0.29600000000000004
196,2019,Jarrod Dyson,130,452,65,86,2,1,30,4,0.188,0.49200000000000005,0.32,0.281
197,2019,Brad Miller,79,170,26,45,0,2,2,0,0.132,0.396,0.47200000000000003,0.368
198,2019,Reese McGuire,30,105,14,18,0,1,0,0,0.282,0.397,0.321,0.364
199,2019,Matt Joyce,129,238,32,45,0,3,0,0,0.292,0.344,0.364,0.37200000000000005
200,2019,Eddie Rosario,137,590,91,86,6,10,3,1,0.204,0.374,0.42200000000000004,0.32899999999999996
201,2019,Yasiel Puig,149,611,76,133,4,13,19,7,0.212,0.381,0.40700000000000003,0.33
202,2019,Teoscar Hernandez,125,464,58,153,1,8,6,3,0.17800000000000002,0.39,0.43200000000000005,0.325
203,2019,Matt Carpenter,129,492,59,129,5,3,6,1,0.253,0.316,0.431,0.315
204,2019,Enrique Hernandez,130,460,57,97,4,9,4,0,0.20600000000000002,0.361,0.433,0.301
205,2019,Yadier Molina,113,452,45,58,5,14,6,0,0.27,0.39299999999999996,0.336,0.303
206,2019,Luis Rengifo,108,406,44,93,3,6,2,5,0.218,0.47700000000000004,0.305,0.298
207,2019,Russell Martin,83,249,29,60,2,1,1,0,0.212,0.503,0.285,0.295
208,2019,Wilmer Flores,89,285,31,31,1,9,0,0,0.247,0.37,0.38299999999999995,0.358
209,2019,Aledmys Diaz,69,247,36,28,6,10,2,0,0.17,0.457,0.37200000000000005,0.345
210,2019,Derek Dietrich,113,306,41,74,1,2,1,1,0.17,0.34700000000000003,0.483,0.33399999999999996
211,2019,Mitch Haniger,63,283,46,81,2,3,4,0,0.204,0.34700000000000003,0.449,0.326
212,2019,Aaron Hicks,59,255,41,72,3,2,1,2,0.158,0.434,0.408,0.325
213,2019,Brian McCann,85,316,28,53,6,10,0,0,0.188,0.441,0.371,0.311
214,2019,Manny Pina,76,179,10,50,1,1,0,0,0.21100000000000002,0.358,0.431,0.308
215,2019,Jason Kipnis,121,511,52,88,6,7,7,2,0.18899999999999997,0.39899999999999997,0.41200000000000003,0.301
216,2019,Jake Marisnick,120,318,46,95,0,6,10,3,0.182,0.45299999999999996,0.365,0.297
217,2019,Corey Dickerson,78,279,33,56,3,4,1,0,0.251,0.36200000000000004,0.386,0.36700000000000005
218,2019,Aristides Aquino,56,225,31,60,2,5,7,0,0.204,0.34700000000000003,0.449,0.36
219,2019,Zack Greinke,36,56,7,12,0,2,1,1,0.21600000000000003,0.486,0.297,0.36200000000000004
220,2019,Jesse Winker,113,384,51,60,0,10,0,2,0.264,0.48700000000000004,0.249,0.35100000000000003
221,2019,Franmil Reyes,150,548,69,156,7,15,0,0,0.214,0.441,0.345,0.33799999999999997
222,2019,Pablo Sandoval,108,296,42,67,3,8,1,0,0.207,0.47100000000000003,0.322,0.336
223,2019,Mike Freeman,75,213,27,61,4,2,1,2,0.25,0.491,0.259,0.327
224,2019,Curt Casali,84,236,24,59,3,1,0,0,0.285,0.29100000000000004,0.424,0.316
225,2019,Cesar Puello,44,147,14,38,0,2,0,0,0.207,0.655,0.138,0.325
226,2019,Josh Reddick,141,550,57,66,9,9,5,2,0.235,0.391,0.375,0.308
227,2019,Yolmer Sanchez,149,555,59,117,3,7,5,4,0.212,0.43200000000000005,0.355,0.281
228,2019,Austin Hays,21,75,12,13,0,0,2,0,0.222,0.40700000000000003,0.37,0.39299999999999996
229,2019,Jake Cave,72,228,28,71,1,5,0,0,0.25,0.531,0.21899999999999997,0.34299999999999997
230,2019,Stephen Vogt,99,280,30,66,4,1,3,1,0.244,0.26899999999999996,0.48700000000000004,0.331
231,2019,A.J. Pollock,86,342,49,74,4,7,5,1,0.198,0.435,0.36700000000000005,0.33299999999999996
232,2019,Austin Romine,73,240,29,50,1,7,1,1,0.19,0.48,0.33,0.315
233,2019,Ender Inciarte,65,230,30,41,1,1,7,1,0.239,0.484,0.27699999999999997,0.318
234,2019,Myles Straw,56,128,27,24,0,2,8,1,0.22899999999999998,0.48200000000000004,0.289,0.32299999999999995
235,2019,Adam Haseley,67,242,30,60,0,7,4,0,0.222,0.574,0.204,0.309
236,2019,Didi Gregorius,82,344,47,53,2,5,2,1,0.184,0.375,0.441,0.297
237,2019,Ben Gamel,134,356,47,104,2,0,2,2,0.263,0.445,0.292,0.308
238,2019,Tim Locastro,91,250,38,44,1,1,17,0,0.19899999999999998,0.44,0.361,0.314
239,2019,Mike Ford,50,163,30,28,0,0,0,0,0.183,0.374,0.44299999999999995,0.37200000000000005
240,2019,Dominic Smith,89,197,35,44,0,5,1,2,0.22699999999999998,0.402,0.371,0.368
241,2019,Steven Brault,34,50,8,8,0,1,0,0,0.294,0.529,0.17600000000000002,0.332
242,2019,Robinson Cano,107,423,46,69,3,16,0,0,0.201,0.489,0.31,0.308
243,2019,Chad Pinder,124,370,45,88,3,11,0,1,0.21899999999999997,0.488,0.293,0.298
244,2019,Yan Gomes,97,358,36,84,1,7,2,0,0.18600000000000003,0.39399999999999996,0.42,0.298
245,2019,Adam Engel,89,248,26,78,0,5,3,3,0.225,0.444,0.331,0.29600000000000004
246,2019,Robbie Grossman,138,482,57,86,2,7,9,4,0.251,0.406,0.34299999999999997,0.299
247,2019,Delino DeShields,118,408,42,100,2,8,24,6,0.25,0.426,0.324,0.295
248,2019,Martin Maldonado,105,374,46,86,1,11,0,0,0.171,0.48,0.35,0.28800000000000003
249,2019,Lane Thomas,34,44,6,8,0,1,1,1,0.267,0.467,0.267,0.445
250,2019,Adam Duvall,41,130,17,39,1,0,0,0,0.12300000000000001,0.272,0.605,0.36
251,2019,Mitch Moreland,91,335,48,74,2,12,1,0,0.19899999999999998,0.451,0.35,0.34700000000000003
252,2019,Seth Brown,26,83,11,23,0,2,1,0,0.28800000000000003,0.327,0.385,0.34700000000000003
253,2019,Shed Long,42,168,21,40,0,1,3,3,0.214,0.473,0.313,0.33299999999999996
254,2019,Mike Brosseau,51,142,17,39,0,3,1,0,0.172,0.39799999999999996,0.43,0.32899999999999996
255,2019,Anthony Santander,93,405,46,86,3,1,1,2,0.17600000000000002,0.392,0.43200000000000005,0.321
256,2019,Joey Votto,142,608,79,123,3,14,5,0,0.252,0.37,0.37799999999999995,0.332
257,2019,Michael Chavis,95,382,46,127,0,11,2,1,0.195,0.45,0.355,0.32299999999999995
258,2019,Dustin Garneau,35,101,14,22,0,1,0,0,0.125,0.391,0.484,0.33
259,2019,Austin Slater,68,192,20,59,0,1,1,0,0.248,0.523,0.22899999999999998,0.32
260,2019,Nick Senzel,104,414,55,101,1,6,14,5,0.193,0.478,0.32799999999999996,0.315
261,2019,Adeiny Hechavarria,84,221,34,48,1,3,3,1,0.14800000000000002,0.47100000000000003,0.381,0.312
262,2019,Tucker Barnhart,114,364,32,83,1,5,1,0,0.223,0.455,0.322,0.301
263,2019,Austin Barnes,75,242,28,56,2,8,3,0,0.166,0.414,0.42,0.272
264,2019,Sam Hilliard,27,87,13,23,0,1,2,0,0.185,0.426,0.389,0.40700000000000003
265,2019,Abraham Almonte,17,38,11,8,0,1,0,0,0.261,0.435,0.304,0.406
266,2019,Sean Murphy,20,60,14,16,0,3,0,0,0.27,0.45899999999999996,0.27,0.37
267,2019,Kurt Suzuki,85,309,37,36,3,10,0,1,0.235,0.336,0.429,0.337
268,2019,Phillip Ervin,94,260,30,63,2,4,4,3,0.23399999999999999,0.39399999999999996,0.371,0.33399999999999996
269,2019,Jay Bruce,98,333,43,82,3,5,1,0,0.17300000000000001,0.28600000000000003,0.541,0.318
270,2019,Ryan McMahon,141,539,70,160,1,14,5,1,0.213,0.508,0.27899999999999997,0.33
271,2019,Matt Beaty,99,268,36,33,0,6,5,0,0.19,0.48100000000000004,0.32899999999999996,0.324
272,2019,Renato Nunez,151,599,72,143,4,9,1,1,0.21100000000000002,0.326,0.46299999999999997,0.32299999999999995
273,2019,Ehire Adrianza,84,236,34,40,4,2,0,2,0.268,0.409,0.32299999999999995,0.326
274,2019,Jordy Mercer,74,271,24,57,0,4,0,0,0.231,0.42200000000000004,0.34700000000000003,0.314
275,2019,Trent Grisham,51,183,24,48,3,3,1,0,0.18899999999999997,0.37799999999999995,0.43200000000000005,0.316
276,2019,Stephen Piscotty,93,393,46,84,3,13,2,0,0.203,0.43799999999999994,0.359,0.306
277,2019,Terrance Gore,37,58,13,18,0,0,13,5,0.25,0.5,0.25,0.317
278,2019,Joey Wendle,75,263,32,47,3,4,8,3,0.23199999999999998,0.44299999999999995,0.325,0.275
279,2019,Jacob deGrom,33,70,4,19,0,0,0,0,0.11599999999999999,0.5579999999999999,0.326,0.245
280,2019,Zack Wheeler,31,64,5,19,0,0,0,0,0.22899999999999998,0.5710000000000001,0.2,0.24600000000000002
281,2019,Kyle Lewis,18,75,10,29,1,0,0,0,0.14,0.512,0.349,0.35700000000000004
282,2019,Kyle Tucker,22,72,15,20,0,1,5,0,0.191,0.34,0.46799999999999997,0.349
283,2019,Willie Calhoun,83,337,51,53,2,5,0,0,0.19399999999999998,0.364,0.442,0.35100000000000003
284,2019,Alex Dickerson,68,190,29,42,1,5,1,1,0.233,0.353,0.414,0.341
285,2019,Magneuris Sierra,15,42,5,7,0,0,3,3,0.138,0.621,0.24100000000000002,0.34700000000000003
286,2019,Nomar Mazara,116,469,69,108,6,5,4,1,0.205,0.46799999999999997,0.327,0.327
287,2019,Nathaniel Lowe,50,169,24,50,2,4,0,0,0.24,0.40399999999999997,0.35600000000000004,0.32799999999999996
288,2019,Francisco Mejia,79,244,27,56,1,6,1,1,0.195,0.361,0.444,0.317
289,2019,Brandon Belt,156,616,76,127,4,6,4,3,0.23,0.28300000000000003,0.48700000000000004,0.319
290,2019,Pedro Severino,96,341,37,73,2,5,3,1,0.23199999999999998,0.39899999999999997,0.369,0.316
291,2019,Wil Myers,155,490,58,168,1,12,16,7,0.218,0.431,0.35100000000000003,0.316
292,2019,Randal Grichuk,151,628,75,163,2,20,2,1,0.188,0.391,0.42100000000000004,0.307
293,2019,Addison Russell,82,241,25,58,2,7,2,0,0.171,0.48100000000000004,0.348,0.297
294,2019,Dee Gordon,117,421,36,61,6,8,22,5,0.21100000000000002,0.535,0.254,0.282
295,2019,Brandon Woodruff,27,49,1,20,0,0,0,0,0.33299999999999996,0.41700000000000004,0.25,0.272
296,2019,Kenta Maeda,41,61,3,13,0,0,0,0,0.265,0.5589999999999999,0.17600000000000002,0.23199999999999998
297,2019,Max Fried,40,65,11,16,0,0,0,0,0.256,0.615,0.128,0.23600000000000002
298,2019,Madison Bumgarner,37,76,4,40,0,0,0,0,0.174,0.391,0.435,0.213
299,2019,Edwin Rios,28,56,10,21,0,1,0,0,0.26899999999999996,0.462,0.26899999999999996,0.413
300,2019,Giancarlo Stanton,18,72,8,24,1,1,0,0,0.222,0.444,0.33299999999999996,0.379
301,2019,Nick Solak,33,135,19,29,0,2,2,0,0.195,0.529,0.276,0.375
302,2019,Nick Markakis,116,469,61,59,6,11,2,0,0.249,0.479,0.271,0.332
303,2019,Vladimir Guerrero Jr.,123,514,52,91,2,17,0,1,0.17300000000000001,0.496,0.331,0.32899999999999996
304,2019,Tim Beckham,88,328,39,102,0,7,1,3,0.17300000000000001,0.465,0.361,0.315
305,2019,Neil Walker,115,381,37,77,1,8,3,0,0.272,0.418,0.31,0.319
306,2019,Matt Strahm,47,27,1,12,0,0,0,0,0.556,0.33299999999999996,0.111,0.317
307,2019,Harold Ramirez,119,446,54,91,1,8,2,1,0.196,0.574,0.23,0.308
308,2019,Sean Rodriguez,76,139,24,41,1,2,1,1,0.225,0.423,0.35200000000000004,0.319
309,2019,Tim Lopes,41,128,11,29,1,1,6,3,0.193,0.48200000000000004,0.325,0.318
310,2019,Peter Lambert,22,34,3,10,0,1,0,0,0.33299999999999996,0.6,0.067,0.319
311,2019,Dylan Moore,113,282,31,93,0,6,11,9,0.158,0.368,0.474,0.299
312,2019,Rio Ruiz,127,413,35,88,2,12,0,1,0.213,0.447,0.34,0.294
313,2019,Kyle Higashioka,18,57,8,26,1,1,0,0,0.226,0.32299999999999995,0.452,0.27
314,2019,Brandon Crawford,147,560,58,117,4,10,3,2,0.23399999999999999,0.48200000000000004,0.284,0.281
315,2019,German Marquez,29,58,5,14,0,1,0,0,0.2,0.433,0.36700000000000005,0.242
316,2019,Billy Hamilton,119,353,41,87,2,1,22,6,0.248,0.387,0.365,0.251
317,2019,Jon Lester,32,53,6,20,0,1,0,0,0.154,0.5770000000000001,0.26899999999999996,0.24600000000000002
318,2019,Caleb Smith,30,49,2,15,0,2,0,0,0.217,0.565,0.217,0.23
319,2019,Steven Matz,36,61,4,17,0,0,0,0,0.263,0.447,0.289,0.217
320,2019,Andrew Stevenson,30,37,4,11,0,1,0,1,0.222,0.5,0.278,0.41700000000000004
321,2019,Kyle Garlick,30,53,8,19,0,0,0,0,0.207,0.207,0.586,0.342
322,2019,Alex Blandino,23,50,6,14,2,1,0,0,0.20800000000000002,0.45799999999999996,0.33299999999999996,0.35200000000000004
323,2019,C.J. Cron,125,499,51,107,2,13,0,0,0.215,0.42200000000000004,0.363,0.325
324,2019,Jose Martinez,128,373,45,82,2,14,3,0,0.24100000000000002,0.498,0.261,0.32299999999999995
325,2019,Charlie Culberson,108,144,14,44,1,5,0,1,0.22,0.418,0.363,0.306
326,2019,Ryan McBroom,23,83,8,25,0,3,0,0,0.26,0.5,0.24,0.318
327,2019,Rougned Odor,145,581,77,178,1,4,11,9,0.174,0.34700000000000003,0.479,0.302
328,2019,Chad Wallach,19,54,4,12,0,0,0,0,0.111,0.444,0.444,0.309
329,2019,Tyler Austin,89,179,30,67,1,2,2,0,0.149,0.414,0.43700000000000006,0.298
330,2019,Josh Phegley,106,342,44,63,5,11,0,1,0.254,0.348,0.39799999999999996,0.29100000000000004
331,2019,Tyler Wade,43,108,16,28,0,0,7,0,0.129,0.516,0.355,0.303
332,2019,Abraham Toro,25,89,13,19,1,2,1,1,0.183,0.5,0.317,0.295
333,2019,Cam Gallagher,45,142,14,28,1,3,0,1,0.21899999999999997,0.385,0.396,0.294
334,2019,Tony Kemp,110,279,31,47,4,4,4,4,0.165,0.40700000000000003,0.428,0.285
335,2019,Guillermo Heredia,89,231,31,60,1,4,2,2,0.243,0.40299999999999997,0.354,0.29100000000000004
336,2019,Jeimer Candelario,94,386,33,99,1,3,3,1,0.22899999999999998,0.373,0.39799999999999996,0.28300000000000003
337,2019,Mike Zunino,90,289,30,98,0,4,0,0,0.13699999999999998,0.405,0.45799999999999996,0.235
338,2019,Brett Phillips,30,79,7,23,2,1,3,0,0.163,0.419,0.419,0.228
339,2019,Hyun-Jin Ryu,30,67,3,23,0,0,0,0,0.107,0.643,0.25,0.20199999999999999
340,2019,Jack Flaherty,38,66,4,17,1,0,1,1,0.303,0.424,0.273,0.195
341,2019,John Means,31,3,0,0,0,0,0,0,0.0,1.0,0.0,0.78
342,2019,Ryan Lavarnway,5,19,4,5,0,0,0,0,0.231,0.385,0.385,0.414
343,2019,Brett Anderson,31,8,1,2,0,0,0,0,0.4,0.6,0.0,0.435
344,2019,Randy Arozarena,19,23,4,4,0,0,2,1,0.125,0.563,0.313,0.38
345,2019,Franchy Cordero,9,20,2,7,1,0,1,0,0.375,0.25,0.375,0.373
346,2019,Domingo Leyba,21,30,6,9,1,0,0,0,0.41200000000000003,0.235,0.353,0.34
347,2019,Seth Mejias-Brean,14,33,3,9,0,1,0,0,0.14300000000000002,0.524,0.33299999999999996,0.33299999999999996
348,2019,Danny Mendick,16,40,6,11,0,1,0,0,0.222,0.444,0.33299999999999996,0.332
349,2019,Austin Riley,80,297,41,108,2,4,0,2,0.25,0.262,0.488,0.307
350,2019,Justin Smoak,121,500,54,106,1,11,0,0,0.207,0.366,0.42700000000000005,0.32299999999999995
351,2019,Nico Hoerner,20,82,13,11,1,3,0,0,0.25,0.529,0.221,0.305
352,2019,Mauricio Dubon,30,111,12,20,0,3,3,1,0.267,0.47700000000000004,0.256,0.312
353,2019,Josh VanMeter,95,260,33,56,1,5,9,3,0.22699999999999998,0.36,0.413,0.316
354,2019,Thairo Estrada,35,69,12,15,0,1,4,0,0.204,0.531,0.265,0.308
355,2019,Gavin Lux,23,82,12,24,0,0,2,0,0.275,0.392,0.33299999999999996,0.301
356,2019,Breyvic Valera,17,52,7,7,0,1,0,0,0.128,0.385,0.48700000000000004,0.297
357,2019,Ronny Rodriguez,84,294,29,82,5,5,3,1,0.188,0.38,0.43200000000000005,0.28300000000000003
358,2019,Luis Guillorme,45,70,8,14,0,2,0,0,0.196,0.413,0.391,0.299
359,2019,Ryan Goins,52,163,13,44,0,7,0,1,0.182,0.505,0.313,0.298
360,2019,Logan Forsythe,101,367,38,100,2,8,2,0,0.228,0.42,0.35200000000000004,0.298
361,2019,Ben Zobrist,47,176,24,24,2,6,0,0,0.18899999999999997,0.551,0.26,0.303
362,2019,John Ryan Murphy,26,70,9,28,0,0,0,0,0.265,0.324,0.41200000000000003,0.276
363,2019,Joe Panik,142,491,50,47,4,6,4,2,0.22899999999999998,0.433,0.33799999999999997,0.284
364,2019,Andrew Knapp,74,160,12,51,0,2,0,0,0.268,0.366,0.366,0.282
365,2019,Kevin Plawecki,60,174,13,31,1,4,0,1,0.18100000000000002,0.41700000000000004,0.402,0.273
366,2019,Taylor Clarke,23,25,2,10,0,0,0,0,0.231,0.462,0.308,0.262
367,2019,Julio Urias,37,18,0,4,0,0,0,0,0.16699999999999998,0.667,0.16699999999999998,0.254
368,2019,Joe Musgrove,46,61,8,19,0,1,0,0,0.267,0.36700000000000005,0.36700000000000005,0.183
369,2019,Stephen Strasburg,34,80,4,25,0,0,0,0,0.196,0.674,0.13,0.18600000000000003
370,2019,Adam Wainwright,31,59,6,20,1,0,0,0,0.258,0.32299999999999995,0.419,0.177
371,2019,Will Smith,63,2,0,0,0,0,0,0,1.0,0.0,0.0,0.87
372,2019,Oliver Drake,50,1,0,0,0,0,0,0,0.0,1.0,0.0,0.87
373,2019,Ruben Alaniz,12,1,0,0,0,0,0,0,1.0,0.0,0.0,0.87
374,2019,Seth Lugo,61,1,0,0,0,0,0,0,1.0,0.0,0.0,0.87
375,2019,John Brebbia,66,1,1,0,0,0,0,0,1.0,0.0,0.0,0.87
376,2019,Gregory Soto,33,2,0,0,0,0,0,0,1.0,0.0,0.0,0.87
377,2019,Francisco Liriano,69,2,0,0,0,0,0,0,0.0,1.0,0.0,0.78
378,2019,Aaron Wilkerson,8,3,1,1,0,0,0,0,0.0,0.5,0.5,0.647
379,2019,Caleb Ferguson,46,2,1,0,0,0,0,0,0.0,1.0,0.0,0.608
380,2019,Trent Thornton,32,3,2,0,0,0,0,0,0.33299999999999996,0.667,0.0,0.58
381,2019,Jacob Nottingham,9,7,1,2,0,0,0,0,0.0,0.25,0.75,0.504
382,2019,Christian Colon,8,8,1,0,0,0,0,0,0.0,0.833,0.16699999999999998,0.506
383,2019,Tyrone Taylor,15,12,1,1,0,0,0,0,0.111,0.889,0.0,0.465
384,2019,Wade LeBlanc,26,2,0,0,0,0,0,0,0.0,0.0,0.0,0.69
385,2019,Brock Stewart,13,3,1,0,0,0,0,0,0.33299999999999996,0.0,0.667,0.406
386,2019,Tyler Heineman,5,12,1,4,0,0,0,0,0.429,0.28600000000000003,0.28600000000000003,0.366
387,2019,Jorge Bonifacio,5,21,3,7,0,0,0,0,0.154,0.462,0.385,0.37200000000000005
388,2019,Clint Frazier,69,246,31,70,3,2,1,2,0.196,0.386,0.418,0.33299999999999996
389,2019,Homer Bailey,31,5,0,1,0,0,0,0,0.5,0.5,0.0,0.348
390,2019,Kevin Cron,39,78,12,28,1,2,0,1,0.295,0.341,0.364,0.321
391,2019,Ryan LaMarre,14,26,3,5,0,0,1,1,0.222,0.444,0.33299999999999996,0.32899999999999996
392,2019,Robel Garcia,31,80,8,35,1,2,0,0,0.243,0.243,0.514,0.315
393,2019,Colin Moran,149,503,46,117,4,13,0,1,0.24100000000000002,0.43799999999999994,0.321,0.315
394,2019,Rowdy Tellez,111,409,49,116,3,9,1,1,0.237,0.385,0.377,0.308
395,2019,Cristhian Adames,10,24,1,8,0,0,0,0,0.28600000000000003,0.643,0.071,0.326
396,2019,Ryan Zimmerman,52,190,20,39,2,4,0,0,0.201,0.47,0.32799999999999996,0.313
397,2019,Brian O'Grady,28,48,4,17,0,0,0,0,0.24,0.2,0.56,0.305
398,2019,Matt Thaiss,53,164,17,52,0,4,0,0,0.223,0.37200000000000005,0.40399999999999997,0.303
399,2019,Beau Taylor,11,30,3,7,0,0,0,0,0.16699999999999998,0.611,0.222,0.303
400,2019,Michael Perez,22,55,6,19,0,0,0,0,0.222,0.37,0.40700000000000003,0.303
401,2019,Roman Quinn,44,122,18,34,0,2,8,0,0.16399999999999998,0.475,0.361,0.289
402,2019,Shelby Miller,19,3,0,1,0,0,0,0,0.0,0.0,0.0,0.46
403,2019,Wilmer Font,48,4,0,2,0,0,0,0,0.0,1.0,0.0,0.29
404,2019,Drew Gagnon,18,4,0,0,0,1,0,0,0.33299999999999996,0.33299999999999996,0.33299999999999996,0.29
405,2019,Alex McRae,11,7,0,3,0,0,0,0,0.33299999999999996,0.667,0.0,0.29
406,2019,Luis Urias,71,249,27,56,0,8,0,1,0.204,0.49,0.306,0.294
407,2019,Logan Allen,9,5,1,0,0,0,0,0,0.25,0.75,0.0,0.318
408,2019,Francisco Cervelli,48,160,15,41,0,7,1,0,0.17,0.43,0.4,0.285
409,2019,Greg Allen,89,256,30,53,1,3,8,2,0.18899999999999997,0.491,0.32,0.27399999999999997
410,2019,Cory Spangenberg,32,102,11,36,0,1,3,0,0.185,0.667,0.14800000000000002,0.267
411,2019,Kristopher Negron,40,82,12,26,0,1,1,1,0.26,0.44,0.3,0.26899999999999996
412,2019,Tony Gonsolin,11,14,2,4,0,0,0,0,0.222,0.444,0.33299999999999996,0.268
413,2019,Vince Velasquez,35,36,2,9,0,1,0,0,0.3,0.6,0.1,0.267
414,2019,Marco Gonzales,34,6,1,4,0,0,0,0,1.0,0.0,0.0,0.243
415,2019,Sheldon Neuse,25,61,3,19,1,2,0,0,0.316,0.42100000000000004,0.263,0.262
416,2019,Corbin Burnes,32,8,0,2,0,0,0,0,0.0,1.0,0.0,0.248
417,2019,Cole Irvin,16,8,1,2,0,0,0,0,0.0,0.5,0.5,0.281
418,2019,Michael Hermosillo,18,46,7,19,1,1,2,0,0.353,0.235,0.41200000000000003,0.254
419,2019,Kyle Gibson,34,4,0,1,0,0,0,0,0.0,0.0,0.0,0.345
420,2019,Jameson Taillon,7,11,0,3,0,0,0,0,0.0,0.6,0.4,0.217
421,2019,Tyler Chatwood,41,21,1,6,0,0,0,0,0.16699999999999998,0.33299999999999996,0.5,0.21
422,2019,Jeff Hoffman,18,24,2,9,0,0,0,0,0.222,0.667,0.111,0.207
423,2019,Rich Hill,13,20,0,9,0,0,0,0,0.375,0.625,0.0,0.192
424,2019,Zack Godley,33,23,3,10,0,0,0,0,0.125,0.0,0.875,0.213
425,2019,Tanner Roark,31,34,2,13,0,0,0,0,0.25,0.45,0.3,0.175
426,2019,Jhoulys Chacin,25,25,2,10,0,0,0,0,0.071,0.429,0.5,0.175
427,2019,Pablo Lopez,22,36,1,19,0,0,0,0,0.14300000000000002,0.5710000000000001,0.28600000000000003,0.16899999999999998
428,2019,Trevor Bauer,34,22,1,12,0,0,0,0,0.14300000000000002,0.857,0.0,0.19
429,2019,Jeremy Hellickson,9,13,3,4,0,0,0,0,0.0,1.0,0.0,0.205
430,2019,Sonny Gray,34,60,3,19,0,0,0,0,0.038,0.9229999999999999,0.038,0.16899999999999998
431,2019,Ross Stripling,32,24,1,7,0,1,0,0,0.0,0.833,0.16699999999999998,0.18100000000000002
432,2019,Trevor Williams,26,44,2,17,0,0,0,0,0.25,0.75,0.0,0.174
433,2019,Max Scherzer,29,61,6,27,0,1,2,0,0.292,0.667,0.042,0.158
434,2019,Kyle Hendricks,31,64,1,29,0,1,0,0,0.22699999999999998,0.545,0.22699999999999998,0.165
435,2019,Aaron Nola,34,70,6,35,0,0,0,0,0.217,0.609,0.174,0.168
436,2019,Chasen Shreve,3,1,0,0,0,0,0,0,0.0,0.0,0.0,0.69
437,2019,Robert Gsellman,52,1,0,0,0,0,0,0,0.0,0.0,0.0,0.69
438,2019,David Price,22,2,0,1,0,0,0,0,0.0,1.0,0.0,0.435
439,2019,Jesse Chavez,48,2,0,1,0,0,0,0,1.0,0.0,0.0,0.435
440,2019,Chris Flexen,9,2,0,0,0,0,0,0,0.5,0.5,0.0,0.435
441,2019,Matthew Boyd,32,2,0,1,0,0,0,0,0.0,1.0,0.0,0.435
442,2019,Dennis Santana,3,2,0,0,0,0,0,0,0.5,0.5,0.0,0.435
443,2019,Johnny Davis,8,4,5,2,0,0,0,0,0.5,0.0,0.5,0.382
444,2019,Troy Tulowitzki,5,13,1,4,0,1,0,0,0.14300000000000002,0.429,0.429,0.349
445,2019,Brendan McKay,18,11,2,2,0,1,0,0,0.125,0.625,0.25,0.318
446,2019,Domingo Santana,121,507,63,164,2,11,8,3,0.266,0.426,0.308,0.326
447,2019,Jose Osuna,95,285,41,48,4,6,0,0,0.207,0.475,0.318,0.32
448,2019,Rene Rivera,9,20,2,4,0,0,0,0,0.154,0.462,0.385,0.331
449,2019,Tyler O'Neill,60,151,18,53,0,3,1,0,0.22699999999999998,0.375,0.39799999999999996,0.308
450,2019,Ildemaro Vargas,92,211,25,24,1,6,1,0,0.226,0.525,0.249,0.3
451,2019,Ty France,69,201,20,49,1,8,0,2,0.20600000000000002,0.426,0.368,0.29600000000000004
452,2019,Billy McKinney,84,276,37,73,2,0,0,2,0.207,0.385,0.408,0.29100000000000004
453,2019,Christian Arroyo,16,57,8,18,0,0,0,0,0.25,0.469,0.281,0.29600000000000004
454,2019,Jake Lamb,78,226,26,55,2,4,1,0,0.226,0.391,0.38299999999999995,0.297
455,2019,Michael A. Taylor,53,97,10,34,0,0,6,0,0.212,0.462,0.327,0.289
456,2019,Junior Guerra,72,3,0,2,0,0,0,0,0.0,1.0,0.0,0.29
457,2019,Trevor Cahill,38,3,0,1,0,0,0,0,0.0,0.0,1.0,0.29
458,2019,Kyle McGowin,7,3,1,0,0,0,0,0,0.33299999999999996,0.33299999999999996,0.33299999999999996,0.29
459,2019,Ryan Helsley,24,3,0,2,0,0,0,0,0.0,1.0,0.0,0.29
460,2019,Kelvin Gutierrez,20,79,4,24,1,2,1,0,0.16,0.68,0.16,0.284
461,2019,Derek Fisher,57,167,23,57,0,3,5,1,0.182,0.489,0.33,0.285
462,2019,Edmundo Sosa,8,10,2,2,0,0,1,0,0.33299999999999996,0.5,0.16699999999999998,0.315
463,2019,Mallex Smith,134,566,70,141,1,7,46,9,0.19,0.51,0.3,0.278
464,2019,Jason Martin,20,40,5,10,0,0,2,0,0.2,0.52,0.28,0.282
465,2019,Rajai Davis,29,26,4,5,0,0,0,1,0.316,0.42100000000000004,0.263,0.262
466,2019,Cole Tucker,56,159,16,40,0,2,0,0,0.23600000000000002,0.491,0.27399999999999997,0.264
467,2019,Josh Rojas,41,157,17,41,0,3,4,2,0.22699999999999998,0.44299999999999995,0.33,0.27899999999999997
468,2019,Erick Mejia,9,27,3,7,1,1,0,0,0.125,0.5,0.375,0.276
469,2019,Luis Torrens,7,16,2,6,0,1,0,0,0.375,0.5,0.125,0.271
470,2019,Tzu-Wei Lin,13,22,3,6,0,0,1,1,0.071,0.7140000000000001,0.214,0.252
471,2019,Garrett Stubbs,19,39,8,7,0,1,1,0,0.179,0.5,0.321,0.254
472,2019,Caleb Joseph,20,41,5,10,0,0,0,0,0.25,0.28600000000000003,0.46399999999999997,0.22699999999999998
473,2019,Frankie Montas,16,2,0,0,0,0,0,0,0.0,1.0,0.0,0.345
474,2019,Hector Noesi,12,5,0,3,0,0,0,0,0.0,1.0,0.0,0.217
475,2019,Danny Duffy,23,4,0,2,0,0,0,0,0.0,1.0,0.0,0.217
476,2019,Brad Brach,59,5,0,1,0,0,0,0,0.667,0.33299999999999996,0.0,0.217
477,2019,Tim Melville,7,10,0,3,0,0,0,0,0.2,0.8,0.0,0.217
478,2019,Lucas Giolito,29,4,0,3,0,0,0,0,1.0,0.0,0.0,0.217
479,2019,Montana DuRapau,14,4,0,2,0,0,0,0,0.0,1.0,0.0,0.217
480,2019,Ranger Suarez,37,5,0,2,0,0,0,0,0.0,1.0,0.0,0.217
481,2019,Phil Maton,30,4,0,2,0,0,0,0,0.0,0.5,0.5,0.217
482,2019,Walker Lockett,9,7,0,4,0,0,0,0,0.5,0.0,0.5,0.223
483,2019,Alex Wood,7,12,0,5,0,0,0,0,0.33299999999999996,0.33299999999999996,0.33299999999999996,0.193
484,2019,Bryse Wilson,6,9,0,6,0,0,0,0,0.33299999999999996,0.667,0.0,0.193
485,2019,Wilkin Castillo,2,7,0,3,0,0,0,0,0.0,0.0,1.0,0.174
486,2019,Ronald Torreyes,7,17,3,3,0,0,1,0,0.154,0.385,0.462,0.196
487,2019,Ian Miller,12,17,2,3,0,0,0,0,0.35700000000000004,0.429,0.214,0.174
488,2019,Jesus Tinoco,24,6,1,4,0,0,0,0,0.0,1.0,0.0,0.174
489,2019,Nick Margevicius,17,17,1,7,0,0,0,0,0.25,0.625,0.125,0.174
490,2019,Luke Weaver,13,21,2,11,1,0,0,0,0.14300000000000002,0.14300000000000002,0.7140000000000001,0.14
491,2019,Zach Davies,35,55,3,25,0,1,0,0,0.348,0.391,0.261,0.157
492,2019,Michael Wacha,29,39,3,21,0,0,0,0,0.14300000000000002,0.643,0.214,0.155
493,2019,Jake Arrieta,24,50,2,19,0,1,0,0,0.304,0.391,0.304,0.155
494,2019,Brad Keller,28,10,0,5,0,0,0,0,0.33299999999999996,0.667,0.0,0.17300000000000001
495,2019,Dereck Rodriguez,29,29,1,17,0,0,0,0,0.16699999999999998,0.5,0.33299999999999996,0.15
496,2019,Cole Hamels,27,46,1,15,1,2,0,0,0.214,0.5,0.28600000000000003,0.155
497,2019,Zach Eflin,32,52,3,27,0,0,0,0,0.25,0.35,0.4,0.146
498,2019,Tyler Skaggs,15,3,0,1,0,0,0,0,0.0,1.0,0.0,0.23
499,2019,Kyle Ryan,73,3,0,1,0,0,0,0,0.0,0.0,1.0,0.23
500,2019,Wes Parsons,32,3,0,2,0,0,0,0,0.0,0.0,0.0,0.23
501,2019,Jacob Waguespack,16,3,0,2,0,0,0,0,0.0,0.0,0.0,0.23
502,2019,Mike Montgomery,33,6,0,3,0,0,0,0,0.33299999999999996,0.0,0.667,0.145
503,2019,Daniel Norris,33,6,1,3,0,0,0,0,0.0,0.667,0.33299999999999996,0.145
504,2019,Noah Syndergaard,32,69,6,47,0,1,0,0,0.17600000000000002,0.353,0.47100000000000003,0.14400000000000002
505,2019,Dallas Keuchel,19,41,0,28,0,0,0,0,0.1,0.8,0.1,0.138
506,2019,Logan Webb,9,11,0,2,0,1,0,0,0.4,0.6,0.0,0.156
507,2019,Chris Archer,23,41,1,19,0,0,0,0,0.2,0.667,0.133,0.146
508,2019,Chad Bettis,39,10,0,2,0,0,0,0,0.0,1.0,0.0,0.19699999999999998
509,2019,Tyler Anderson,5,8,1,4,0,1,0,0,0.0,0.0,1.0,0.124
510,2019,Luis Perdomo,47,7,0,2,0,0,0,0,0.0,0.6,0.4,0.124
511,2019,Dinelson Lamet,14,24,1,11,0,0,0,0,0.111,0.889,0.0,0.124
512,2019,Tyler Beede,25,43,2,23,0,0,0,0,0.133,0.667,0.2,0.135
513,2019,Freddy Peralta,40,16,1,6,0,0,0,0,0.222,0.778,0.0,0.11599999999999999
514,2019,Trevor Richards,31,34,2,18,0,0,0,0,0.083,0.75,0.16699999999999998,0.125
515,2019,Joe Ross,28,20,1,10,0,0,0,0,0.125,0.625,0.25,0.121
516,2019,Nick Kingham,25,8,0,4,0,0,0,0,0.0,1.0,0.0,0.17300000000000001
517,2019,Lucas Sims,24,8,0,5,0,0,0,0,0.0,0.667,0.33299999999999996,0.109
518,2019,Jon Duplantier,15,8,1,5,0,0,0,0,0.0,1.0,0.0,0.109
519,2019,Austin Voth,9,10,0,3,0,0,0,0,0.4,0.2,0.4,0.09699999999999999
520,2019,Wade Miley,33,6,1,1,0,0,0,0,0.0,0.667,0.33299999999999996,0.138
521,2019,Jose Berrios,32,5,1,4,0,0,0,0,0.0,0.0,0.0,0.138
522,2019,CC Sabathia,23,3,0,2,0,0,0,0,1.0,0.0,0.0,0.0
523,2019,Sean Doolittle,63,3,0,2,0,1,0,0,0.0,1.0,0.0,0.0
524,2019,Edwin Jackson,18,3,0,2,0,0,0,0,0.0,1.0,0.0,0.0
525,2019,Corey Kluber,7,1,0,1,0,0,0,0,0.0,0.0,0.0,0.0
526,2019,Lance Lynn,33,2,0,2,0,0,0,0,0.0,0.0,0.0,0.0
527,2019,Ross Detwiler,18,2,0,1,0,0,0,0,0.0,1.0,0.0,0.0
528,2019,Kenley Jansen,62,1,0,1,0,0,0,0,0.0,0.0,0.0,0.0
529,2019,Yusmeiro Petit,80,1,0,0,0,1,0,0,0.0,1.0,0.0,0.0
530,2019,Jordan Zimmermann,23,2,0,2,0,0,0,0,0.0,0.0,0.0,0.0
531,2019,Charlie Morton,33,2,0,2,0,0,0,0,0.0,0.0,0.0,0.0
532,2019,Felix Hernandez,15,3,0,2,0,0,0,0,0.0,1.0,0.0,0.0
533,2019,Blake Parker,60,1,0,1,0,0,0,0,0.0,0.0,0.0,0.0
534,2019,Michael Pineda,26,4,0,1,0,0,0,0,0.33299999999999996,0.667,0.0,0.0
535,2019,Jake Odorizzi,30,3,0,0,0,0,0,0,1.0,0.0,0.0,0.0
536,2019,Steve Cishek,70,2,0,0,0,0,0,0,0.5,0.5,0.0,0.0
537,2019,Johnny Cueto,4,4,0,3,0,0,0,0,0.0,1.0,0.0,0.0
538,2019,Martin Perez,32,3,1,2,0,0,0,0,0.0,0.0,0.0,0.0
539,2019,Craig Stammen,76,1,0,1,0,0,0,0,0.0,0.0,0.0,0.0
540,2019,J.A. Happ,32,4,1,0,0,0,0,0,0.0,1.0,0.0,0.0
541,2019,Jay Jackson,28,2,0,2,0,0,0,0,0.0,0.0,0.0,0.0
542,2019,Nick Vincent,32,3,0,3,0,0,0,0,0.0,0.0,0.0,0.0
543,2019,Tommy Milone,23,2,0,1,0,0,0,0,0.0,1.0,0.0,0.0
544,2019,Juan Nicasio,47,2,0,1,0,0,0,0,0.0,1.0,0.0,0.0
545,2019,Marcus Walden,70,1,0,1,0,0,0,0,0.0,0.0,0.0,0.0
546,2019,Justin Verlander,34,2,0,1,0,1,0,0,0.0,1.0,0.0,0.0
547,2019,Andrew Cashner,42,3,1,0,0,0,0,0,0.0,1.0,0.0,0.0
548,2019,Nathan Eovaldi,23,2,0,1,0,0,0,0,0.0,0.0,0.0,0.0
549,2019,Jared Hughes,72,2,0,1,0,0,0,0,0.0,0.0,1.0,0.0
550,2019,Jeremy Jeffress,48,1,0,1,0,0,0,0,0.0,0.0,0.0,0.0
551,2019,Joe Kelly,55,3,0,2,0,0,0,0,0.0,0.0,0.0,0.0
552,2019,Garrett Richards,3,3,0,1,0,0,0,0,0.0,1.0,0.0,0.0
553,2019,Robbie Erlin,37,4,0,0,0,1,0,0,0.0,0.75,0.25,0.0
554,2019,Jimmy Nelson,10,3,0,3,0,0,0,0,0.0,0.0,0.0,0.0
555,2019,Rob Brantly,1,1,0,1,0,0,0,0,0.0,0.0,0.0,0.0
556,2019,Asher Wojciechowski,17,1,0,1,0,0,0,0,0.0,0.0,0.0,0.0
557,2019,Casey Sadler,33,3,0,1,0,0,0,0,0.0,0.5,0.5,0.0
558,2019,Tyler Lyons,14,1,0,0,0,0,0,0,0.0,1.0,0.0,0.0
559,2019,Matt Grace,51,3,0,3,0,0,0,0,0.0,0.0,0.0,0.0
560,2019,Aaron Sanchez,27,2,0,0,0,0,0,0,0.5,0.5,0.0,0.0
561,2019,Josh Osich,57,1,0,0,0,0,0,0,0.0,0.0,0.0,0.0
562,2019,Carlos Martinez,48,1,0,1,0,0,0,0,0.0,0.0,0.0,0.0
563,2019,Hector Neris,68,1,0,1,0,0,0,0,0.0,0.0,0.0,0.0
564,2019,Noel Cuevas,1,2,0,0,0,0,0,0,0.0,1.0,0.0,0.0
565,2019,Felipe Vazquez,56,2,0,0,0,0,0,0,0.0,1.0,0.0,0.0
566,2019,Yimi Garcia,64,2,0,1,0,1,0,0,0.0,1.0,0.0,0.0
567,2019,Parker Markel,20,3,0,1,0,0,0,0,0.0,1.0,0.0,0.0
568,2019,Cody Allen,25,1,0,1,0,0,0,0,0.0,0.0,0.0,0.0
569,2019,Dan Winkler,27,1,0,0,0,0,0,0,0.0,0.0,0.0,0.0
570,2019,Aaron Brooks,29,4,0,1,0,0,0,0,0.0,1.0,0.0,0.0
571,2019,Nick Ramirez,46,1,0,1,0,0,0,0,0.0,0.0,0.0,0.0
572,2019,Roenis Elias,48,1,0,0,0,0,0,0,0.0,1.0,0.0,0.0
573,2019,Ryan Carpenter,9,2,0,1,0,0,0,0,0.0,1.0,0.0,0.0
574,2019,Burch Smith,17,1,0,1,0,0,0,0,0.0,0.0,0.0,0.0
575,2019,Matt Wisler,44,1,0,0,0,0,0,0,0.0,1.0,0.0,0.0
576,2019,Mike Clevinger,21,2,0,1,0,0,0,0,0.0,1.0,0.0,0.0
577,2019,Matt Barnes,70,1,0,1,0,0,0,0,0.0,0.0,0.0,0.0
578,2019,Dylan Bundy,30,2,0,2,0,0,0,0,0.0,0.0,0.0,0.0
579,2019,Archie Bradley,66,1,0,1,0,0,0,0,0.0,0.0,0.0,0.0
580,2019,Mitch Walding,2,2,0,2,0,0,0,0,0.0,0.0,0.0,0.0
581,2019,Matt Carasiti,11,1,0,0,0,0,0,0,0.0,0.0,0.0,0.0
582,2019,Adrian Sampson,35,2,0,1,0,0,0,0,0.0,0.0,0.0,0.0
583,2019,Luis Cessa,43,1,0,1,0,0,0,0,0.0,0.0,0.0,0.0
584,2019,Dylan Floro,50,2,0,1,0,0,0,0,0.0,1.0,0.0,0.0
585,2019,Felix Pena,23,2,0,0,0,0,0,0,0.0,1.0,0.0,0.0
586,2019,Matt Bowman,27,1,0,0,0,0,0,0,0.0,1.0,0.0,0.0
587,2019,Robert Stephenson,57,1,0,1,0,0,0,0,0.0,0.0,0.0,0.0
588,2019,Jakob Junis,31,2,0,0,0,0,0,0,0.0,1.0,0.0,0.0
589,2019,Corey Oswalt,2,3,0,1,1,0,0,0,0.0,0.0,1.0,0.0
590,2019,John Gant,64,3,0,2,0,0,0,0,0.0,0.0,1.0,0.0
591,2019,Sal Romano,12,2,0,1,0,0,0,0,0.0,1.0,0.0,0.0
592,2019,Chris Stratton,35,4,0,2,0,1,0,0,0.0,1.0,0.0,0.0
593,2019,JT Chargois,21,1,0,1,0,0,0,0,0.0,0.0,0.0,0.0
594,2019,Austin Adams,30,1,0,1,0,0,0,0,0.0,0.0,0.0,0.0
595,2019,Paul Sewald,17,1,0,0,0,0,0,0,0.0,1.0,0.0,0.0
596,2019,Scott Oberg,49,1,0,1,0,0,0,0,0.0,0.0,0.0,0.0
597,2019,Brent Suter,9,2,0,1,0,0,0,0,0.0,1.0,0.0,0.0
598,2019,Chris Mazza,9,3,0,1,0,0,0,0,0.0,1.0,0.0,0.0
599,2019,Josh Hader,61,2,0,1,0,0,0,0,0.0,1.0,0.0,0.0
600,2019,Brian Johnson,22,1,1,1,0,0,0,0,0.0,0.0,0.0,0.0
601,2019,Ty Blach,7,1,0,1,0,0,0,0,0.0,0.0,0.0,0.0
602,2019,Tyler Glasnow,12,2,0,1,0,0,0,0,0.0,0.0,0.0,0.0
603,2019,Joe Hudson,1,1,0,1,0,0,0,0,0.0,0.0,0.0,0.0
604,2019,Adam Conley,60,1,0,0,0,0,0,0,0.0,0.0,1.0,0.0
605,2019,Randy Rosario,19,1,0,0,0,0,0,0,0.0,1.0,0.0,0.0
606,2019,Jorge Lopez,39,2,0,0,0,0,0,0,1.0,0.0,0.0,0.0
607,2019,Jandel Gustave,23,1,0,1,0,0,0,0,0.0,0.0,0.0,0.0
608,2019,Duane Underwood Jr.,12,1,0,1,0,0,0,0,0.0,0.0,0.0,0.0
609,2019,Emilio Pagan,66,1,0,1,0,0,0,0,0.0,0.0,0.0,0.0
610,2019,Dylan Covey,18,2,0,1,0,0,0,0,0.0,1.0,0.0,0.0
611,2019,Taylor Williams,12,1,0,1,0,0,0,0,0.0,0.0,0.0,0.0
612,2019,Rookie Davis,5,1,0,0,0,0,0,0,0.0,1.0,0.0,0.0
613,2019,Giovanny Gallegos,66,3,0,1,0,0,0,0,0.0,0.0,0.0,0.0
614,2019,Trevor Gott,50,1,0,0,0,0,0,0,1.0,0.0,0.0,0.0
615,2019,Dylan Cozens,1,1,0,0,0,0,0,0,0.0,1.0,0.0,0.0
616,2019,Jimmie Sherfy,17,2,0,2,0,0,0,0,0.0,0.0,0.0,0.0
617,2019,Drew Anderson,2,1,0,1,0,0,0,0,0.0,0.0,0.0,0.0
618,2019,Glenn Sparkman,31,2,0,0,0,0,0,0,0.0,1.0,0.0,0.0
619,2019,Cody Reed,3,1,0,1,0,0,0,0,0.0,0.0,0.0,0.0
620,2019,Shane Carle,6,1,0,1,0,0,0,0,0.0,0.0,0.0,0.0
621,2019,Austin Pruitt,14,1,0,1,0,0,0,0,0.0,0.0,0.0,0.0
622,2019,Donnie Hart,5,2,0,1,0,0,0,0,0.0,1.0,0.0,0.0
623,2019,Mike Mayers,16,1,0,1,0,0,0,0,0.0,0.0,0.0,0.0
624,2019,Chad Green,54,1,0,1,0,0,0,0,0.0,0.0,0.0,0.0
625,2019,Yefry Ramirez,14,2,0,0,0,0,0,0,0.0,0.5,0.5,0.0
626,2019,Jimmy Cordero,31,1,0,0,0,0,0,0,0.0,0.0,0.0,0.0
627,2019,Masahiro Tanaka,32,1,0,0,0,0,0,0,0.0,1.0,0.0,0.0
628,2019,Devin Williams,13,1,0,1,0,0,0,0,0.0,0.0,0.0,0.0
629,2019,Adam Plutko,21,2,0,1,0,0,0,0,0.0,1.0,0.0,0.0
630,2019,Wander Suero,78,1,0,1,0,0,0,0,0.0,0.0,0.0,0.0
631,2019,Keury Mella,2,1,0,1,0,0,0,0,0.0,0.0,0.0,0.0
632,2019,David Hess,23,4,0,1,0,0,0,0,0.0,0.5,0.5,0.0
633,2019,Sam Howard,20,1,0,1,0,0,0,0,0.0,0.0,0.0,0.0
634,2019,Gerardo Reyes,27,1,0,1,0,0,0,0,0.0,0.0,0.0,0.0
635,2019,Brad Wieck,44,2,0,1,0,0,0,0,0.0,1.0,0.0,0.0
636,2019,Reynaldo Lopez,33,4,0,3,0,0,0,0,0.0,1.0,0.0,0.0
637,2019,Yonny Chirinos,26,2,0,2,0,0,0,0,0.0,0.0,0.0,0.0
638,2019,James Norwood,9,1,0,0,0,0,0,0,0.0,1.0,0.0,0.0
639,2019,Erik Swanson,27,2,0,1,0,0,0,0,0.0,0.0,0.0,0.0
640,2019,Jeff Brigham,32,1,0,1,0,0,0,0,0.0,0.0,0.0,0.0
641,2019,Daniel Mengden,13,2,0,2,0,0,0,0,0.0,0.0,0.0,0.0
642,2019,Ariel Jurado,32,1,0,1,0,0,0,0,0.0,0.0,0.0,0.0
643,2019,Sean Reid-Foley,9,1,0,1,0,0,0,0,0.0,0.0,0.0,0.0
644,2019,Raisel Iglesias,68,2,0,1,0,0,0,0,0.0,1.0,0.0,0.0
645,2019,Jalen Beeks,34,3,0,2,0,0,0,0,0.0,1.0,0.0,0.0
646,2019,Justus Sheffield,8,2,0,2,0,0,0,0,0.0,0.0,0.0,0.0
647,2019,Luis Escobar,4,2,0,1,0,0,0,0,0.0,1.0,0.0,0.0
648,2019,Chad Sobotka,32,2,0,2,0,0,0,0,0.0,0.0,0.0,0.0
649,2019,Genesis Cabrera,13,4,0,4,0,0,0,0,0.0,0.0,0.0,0.0
650,2019,Diego Castillo,65,1,0,1,0,0,0,0,0.0,0.0,0.0,0.0
651,2019,Tanner Rainey,52,1,0,1,0,0,0,0,0.0,0.0,0.0,0.0
652,2019,Tanner Anderson,6,1,0,1,0,0,0,0,0.0,0.0,0.0,0.0
653,2019,Jarlin Garcia,53,1,0,1,0,0,0,0,0.0,0.0,0.0,0.0
654,2019,Tyler Kinley,52,1,0,1,0,0,0,0,0.0,0.0,0.0,0.0
655,2019,Andrew Suarez,21,3,0,1,0,0,0,0,0.0,1.0,0.0,0.0
656,2019,Carson Fulmer,20,1,0,0,0,0,0,0,0.0,1.0,0.0,0.0
657,2019,Pedro Payano,6,1,0,1,0,0,0,0,0.0,0.0,0.0,0.0
658,2019,Jaime Barria,19,2,0,1,0,0,0,0,0.0,1.0,0.0,0.0
659,2019,Tom Eshelman,10,2,0,0,0,0,0,0,0.0,0.0,1.0,0.0
660,2019,Enyel De Los Santos,5,1,0,1,0,0,0,0,0.0,0.0,0.0,0.0
661,2019,Jose Urquidy,9,4,0,3,0,0,0,0,0.0,1.0,0.0,0.0
662,2019,Kolby Allard,9,2,0,0,0,0,0,0,0.0,0.0,1.0,0.0
663,2019,Miguel Diaz,5,1,0,1,0,0,0,0,0.0,0.0,0.0,0.0
664,2019,Pedro Avila,1,2,0,0,0,0,0,0,0.0,1.0,0.0,0.0
665,2019,Conner Menez,9,3,0,0,0,0,0,0,0.0,0.667,0.33299999999999996,0.0
666,2019,Jose Quijada,34,1,0,1,0,0,0,0,0.0,0.0,0.0,0.0
667,2019,Seranthony Dominguez,27,1,0,1,0,0,0,0,0.0,0.0,0.0,0.0
668,2019,Justin Dunn,4,1,0,1,0,0,0,0,0.0,0.0,0.0,0.0
669,2019,T.J. Zeuch,5,1,0,1,0,0,0,0,0.0,0.0,0.0,0.0
670,2019,Jacob Webb,36,1,0,1,0,0,0,0,0.0,0.0,0.0,0.0
671,2019,Hector Velazquez,34,1,0,1,0,0,0,0,0.0,0.0,0.0,0.0
672,2019,Patrick Sandoval,10,2,0,2,0,0,0,0,0.0,0.0,0.0,0.0
673,2019,Aaron Civale,10,2,0,1,0,0,0,0,0.0,1.0,0.0,0.0
674,2019,J. D. Hammer,20,1,0,0,0,0,0,0,0.0,1.0,0.0,0.0
675,2019,James Marvel,4,4,0,2,0,0,0,0,0.5,0.5,0.0,0.0
676,2019,Griffin Canning,18,2,0,1,0,0,0,0,0.0,1.0,0.0,0.0
677,2019,Jose Suarez,19,2,0,1,0,0,0,0,0.0,1.0,0.0,0.0
678,2019,Tres Barrera,2,2,0,0,0,0,0,0,0.5,0.0,0.5,0.0
679,2019,Zach Plesac,21,1,0,0,0,0,0,0,0.0,0.0,0.0,0.0
680,2019,Jeremy Walker,6,1,0,0,0,0,0,0,0.0,1.0,0.0,0.0
681,2019,Joel Kuhnel,11,1,0,0,0,0,0,0,0.0,1.0,0.0,0.0
682,2019,Rico Garcia,2,1,0,1,0,0,0,0,0.0,0.0,0.0,0.0
683,2019,Adrian Morejon,5,1,0,1,0,0,0,0,0.0,0.0,0.0,0.0
684,2019,Elvis Luciano,25,1,0,1,0,0,0,0,0.0,0.0,0.0,0.0
685,2019,Yusei Kikuchi,32,2,0,1,0,0,0,0,0.0,0.0,0.0,0.0
686,2019,Ryon Healy,47,187,24,40,4,1,0,0,0.17300000000000001,0.38299999999999995,0.444,0.308
687,2019,Matt Adams,111,333,42,115,1,7,0,0,0.23600000000000002,0.313,0.451,0.306
688,2019,Adam Jones,137,528,66,101,3,15,2,1,0.192,0.431,0.377,0.308
689,2019,Brandon Dixon,118,420,41,136,4,5,5,1,0.23600000000000002,0.363,0.402,0.303
690,2019,Jesus Aguilar,131,369,39,81,7,12,0,0,0.2,0.42100000000000004,0.379,0.307
691,2019,Kyle Farmer,97,197,22,59,1,1,4,1,0.242,0.40299999999999997,0.355,0.289
692,2019,Scott Heineman,25,85,8,20,0,3,1,2,0.23600000000000002,0.436,0.327,0.295
693,2019,Joey Rickard,68,189,14,50,0,1,4,2,0.212,0.40700000000000003,0.381,0.29
694,2019,Rangel Ravelo,29,43,4,12,1,1,0,0,0.25,0.5,0.25,0.276
695,2019,Logan Morrison,29,38,5,10,0,1,0,0,0.12,0.4,0.48,0.28
696,2019,Abiatal Avelino,4,8,0,3,0,0,0,0,0.25,0.75,0.0,0.304
697,2019,Gordon Beckham,83,240,29,68,0,6,3,1,0.21899999999999997,0.4,0.381,0.27399999999999997
698,2019,Dom Nunez,16,43,4,17,1,0,0,0,0.13,0.304,0.565,0.264
699,2019,Nick Dini,20,64,11,18,1,1,0,0,0.282,0.205,0.513,0.26899999999999996
700,2019,Mason Williams,11,34,4,6,1,0,1,0,0.36,0.32,0.32,0.276
701,2019,Willi Castro,30,110,10,34,1,4,0,1,0.242,0.364,0.39399999999999996,0.27
702,2019,Erik Gonzalez,53,156,15,37,1,5,4,1,0.20199999999999999,0.5579999999999999,0.24,0.262
703,2019,Carlos Gomez,34,99,10,30,1,3,4,1,0.17,0.358,0.47200000000000003,0.268
704,2019,Ryan Court,12,25,1,11,0,0,0,0,0.231,0.462,0.308,0.258
705,2019,Jose Pirela,14,24,1,7,0,1,0,0,0.2,0.33299999999999996,0.467,0.262
706,2019,Phil Gosselin,44,68,5,16,0,1,0,0,0.245,0.408,0.34700000000000003,0.263
707,2019,Jace Peterson,29,108,14,24,1,1,4,1,0.247,0.429,0.325,0.258
708,2019,Michael Lorenzen,105,53,6,17,0,1,5,2,0.161,0.645,0.19399999999999998,0.262
709,2019,JB Shuck,27,57,4,10,0,0,1,1,0.19399999999999998,0.583,0.222,0.27899999999999997
710,2019,Taylor Davis,7,20,2,4,0,0,0,0,0.14300000000000002,0.5,0.35700000000000004,0.253
711,2019,Rafael Ortega,34,96,7,22,0,2,3,0,0.212,0.409,0.379,0.254
712,2019,Greg Bird,10,41,6,16,0,1,0,0,0.21100000000000002,0.474,0.316,0.254
713,2019,Jonathan Davis,37,95,8,24,1,1,3,1,0.237,0.39,0.373,0.24
714,2019,Aramis Garcia,18,46,5,21,0,1,0,0,0.33299999999999996,0.23800000000000002,0.429,0.217
715,2019,Anthony Alford,16,30,3,11,0,0,2,0,0.059000000000000004,0.529,0.41200000000000003,0.228
716,2019,Donnie Walton,7,19,2,5,0,0,0,1,0.182,0.455,0.364,0.24600000000000002
717,2019,Steven Baron,7,10,0,6,0,0,0,0,0.25,0.5,0.25,0.209
718,2019,Wilfredo Tovar,31,88,5,15,0,0,0,0,0.235,0.529,0.235,0.217
719,2019,Jake Noll,8,13,1,4,0,0,0,0,0.125,0.625,0.25,0.214
720,2019,Zach Green,8,16,1,6,0,2,0,0,0.125,0.75,0.125,0.217
721,2019,Travis Jankowski,25,24,4,4,0,0,2,2,0.059000000000000004,0.47100000000000003,0.47100000000000003,0.20199999999999999
722,2019,Juan Centeno,7,18,0,2,0,0,1,0,0.231,0.385,0.385,0.213
723,2019,Skye Bolt,5,11,1,3,0,0,0,0,0.28600000000000003,0.28600000000000003,0.429,0.17300000000000001
724,2019,Eric Haase,10,17,1,8,0,0,0,0,0.0,0.5,0.5,0.155
725,2019,Nick Ciuffo,3,6,0,3,0,0,0,0,0.5,0.0,0.5,0.145
726,2019,Miles Mikolas,32,62,1,27,0,0,0,0,0.226,0.5479999999999999,0.226,0.124
727,2019,Drew Robinson,5,7,1,3,0,0,0,0,0.0,0.25,0.75,0.124
728,2019,Jeff Samardzija,32,56,1,30,0,0,0,0,0.17600000000000002,0.706,0.11800000000000001,0.11800000000000001
729,2019,Kyle Freeland,22,31,1,15,0,1,0,0,0.16699999999999998,0.833,0.0,0.147
730,2019,Walker Buehler,30,66,5,33,0,0,0,0,0.08,0.68,0.24,0.13
731,2019,Eric Lauer,30,48,1,23,0,0,0,0,0.17600000000000002,0.41200000000000003,0.41200000000000003,0.11900000000000001
732,2019,Chase Anderson,33,44,1,24,0,0,0,0,0.308,0.5379999999999999,0.154,0.124
733,2019,Erick Fedde,21,20,1,6,0,0,0,0,0.111,0.667,0.222,0.11599999999999999
734,2019,Drew Jackson,3,4,0,1,0,0,0,0,0.0,1.0,0.0,0.17300000000000001
735,2019,Shaun Anderson,28,28,0,19,0,0,0,0,0.0,0.5,0.5,0.10800000000000001
736,2019,Adrian Houser,35,27,0,17,0,0,0,0,0.2,0.8,0.0,0.10800000000000001
737,2019,Zac Gallen,15,24,2,8,0,0,0,0,0.182,0.636,0.182,0.092
738,2019,Derek Holland,53,16,0,10,0,0,0,0,0.0,0.5,0.5,0.10400000000000001
739,2019,Nick Pivetta,30,27,1,19,0,0,0,0,0.2,0.8,0.0,0.09300000000000001
740,2019,Dustin May,14,11,0,4,0,0,0,0,0.0,0.857,0.14300000000000002,0.079
741,2019,Dario Agrazal,15,24,0,9,1,0,0,0,0.077,0.846,0.077,0.076
742,2019,Ichiro Suzuki,2,6,0,1,0,0,0,0,0.0,0.5,0.5,0.115
743,2019,Alec Mills,9,12,0,6,0,0,0,0,0.0,0.667,0.33299999999999996,0.07200000000000001
744,2019,Elieser Hernandez,21,24,0,10,0,0,0,0,0.111,0.778,0.111,0.078
745,2019,Jed Lowrie,9,8,0,4,0,0,0,0,0.33299999999999996,0.33299999999999996,0.33299999999999996,0.086
746,2019,Daniel Ponce de Leon,13,12,0,4,0,0,0,0,0.0,1.0,0.0,0.069
747,2019,Ivan Nova,34,5,0,4,0,0,0,0,1.0,0.0,0.0,0.0
748,2019,Rick Porcello,32,6,0,2,0,1,0,0,0.0,0.667,0.33299999999999996,0.0
749,2019,T.J. McFarland,51,5,0,3,0,0,0,0,0.0,0.0,0.0,0.0
750,2019,Jim Adduci,2,5,0,3,0,0,0,0,0.0,1.0,0.0,0.0
751,2019,Javy Guerra,51,5,0,2,0,0,0,0,0.0,0.0,1.0,0.0
752,2019,Josh Tomlin,51,6,0,3,0,0,0,0,0.33299999999999996,0.0,0.667,0.0
753,2019,Mike Minor,33,10,0,6,0,0,0,0,0.33299999999999996,0.667,0.0,0.0
754,2019,James Paxton,29,8,0,5,0,0,0,0,0.0,0.0,0.0,0.0
755,2019,Matt Andriese,54,6,0,3,0,0,0,0,0.0,1.0,0.0,0.0
756,2019,Chris Bassitt,28,5,0,2,0,0,0,0,0.5,0.5,0.0,0.0
757,2019,Wei-Yin Chen,45,5,0,4,0,0,0,0,1.0,0.0,0.0,0.0
758,2019,Gerrit Cole,33,7,0,5,0,1,0,0,0.0,1.0,0.0,0.0
759,2019,Eduardo Rodriguez,34,9,1,3,0,0,0,0,0.0,1.0,0.0,0.0
760,2019,Michael Reed,4,8,0,6,0,0,0,0,0.5,0.0,0.5,0.0
761,2019,Deven Marrero,5,5,0,3,0,0,0,0,0.5,0.5,0.0,0.0
762,2019,Matt Koch,9,6,0,5,0,0,0,0,0.0,0.0,1.0,0.0
763,2019,Clay Holmes,35,5,0,4,0,0,0,0,0.0,1.0,0.0,0.0
764,2019,Yency Almonte,28,5,0,3,0,0,0,0,0.5,0.0,0.5,0.0
765,2019,Spencer Turnbull,30,8,1,7,0,0,0,0,0.0,0.0,0.0,0.0
766,2019,Touki Toussaint,24,10,0,7,0,0,0,0,0.0,0.0,1.0,0.0
767,2019,Sean Newcomb,55,8,0,7,0,0,0,0,0.0,0.0,1.0,0.0
768,2019,Domingo German,27,8,0,7,0,1,0,0,0.0,0.0,0.0,0.0
769,2019,Mitch Keller,11,11,0,3,0,1,0,0,0.0,1.0,0.0,0.0
770,2019,Adbert Alzolay,4,5,0,2,0,0,0,0,0.0,1.0,0.0,0.0
771,2019,Sam Haggerty,11,4,2,3,0,0,0,0,0.0,0.0,1.0,0.0
772,2019,Robert Dugger,7,11,0,6,0,0,0,0,0.2,0.4,0.4,0.0
773,2019,Shane Bieber,34,5,0,3,0,0,0,0,0.0,1.0,0.0,0.0
774,2019,Kyle Wright,7,6,0,4,0,0,0,0,0.0,1.0,0.0,0.0
775,2019,Ronald Bolanos,5,5,1,4,0,0,0,0,0.0,1.0,0.0,0.0
776,2019,Daniel Murphy,132,478,56,74,4,10,1,1,0.242,0.397,0.361,0.32799999999999996
777,2019,JaCoby Jones,88,333,39,94,1,6,7,2,0.23,0.402,0.368,0.311
778,2019,Chance Sisco,59,198,29,61,0,5,0,1,0.2,0.381,0.419,0.319
779,2019,Gregory Polanco,42,167,23,49,0,4,3,1,0.192,0.365,0.442,0.305
780,2019,Justin Upton,63,256,34,78,5,5,1,1,0.16399999999999998,0.377,0.45899999999999996,0.307
781,2019,LaMonte Wade Jr.,26,69,10,9,0,0,0,1,0.213,0.447,0.34,0.32
782,2019,Josh Naylor,94,279,29,64,1,4,1,1,0.168,0.532,0.3,0.306
783,2019,Kevan Smith,67,211,21,37,1,8,2,0,0.27699999999999997,0.49700000000000005,0.226,0.305
784,2019,Garrett Hampson,105,327,40,88,2,2,15,3,0.192,0.433,0.374,0.292
785,2019,Gerardo Parra,119,301,38,59,2,7,8,3,0.23,0.469,0.3,0.28800000000000003
786,2019,Willians Astudillo,58,204,28,8,4,6,0,0,0.215,0.40299999999999997,0.382,0.28800000000000003
787,2019,Andrew Knizner,18,58,7,14,0,3,2,0,0.026000000000000002,0.615,0.359,0.289
788,2019,Mark Zagunis,30,40,2,16,0,1,0,0,0.25,0.55,0.2,0.29100000000000004
789,2019,Jose Trevino,40,126,18,27,2,6,0,0,0.23199999999999998,0.46299999999999997,0.305,0.27399999999999997
790,2019,Nick Martini,32,109,8,26,1,0,0,0,0.25,0.5589999999999999,0.191,0.29100000000000004
791,2019,Yairo Munoz,88,181,20,37,1,5,8,3,0.185,0.578,0.237,0.281
792,2019,Ian Kinsler,87,281,28,54,1,5,2,4,0.168,0.41100000000000003,0.42100000000000004,0.27699999999999997
793,2019,Ryan Cordell,97,247,22,69,2,2,3,1,0.172,0.379,0.44799999999999995,0.27899999999999997
794,2019,Hernan Perez,91,246,29,66,1,9,5,1,0.162,0.521,0.317,0.271
795,2019,Josh Fuentes,24,56,8,20,0,0,1,0,0.2,0.457,0.34299999999999997,0.262
796,2019,Wilmer Difo,43,144,15,29,0,2,0,1,0.245,0.48,0.276,0.27
797,2019,Hanley Ramirez,16,57,4,17,0,2,0,0,0.281,0.43799999999999994,0.281,0.278
798,2019,Jared Walsh,34,87,6,35,0,0,0,0,0.273,0.386,0.341,0.259
799,2019,Nicky Lopez,103,402,44,51,0,5,1,1,0.156,0.622,0.222,0.26
800,2019,Richard Urena,30,80,4,23,0,0,0,0,0.18,0.5,0.32,0.258
801,2019,Dustin Peterson,17,47,3,14,0,1,1,0,0.233,0.5,0.267,0.259
802,2019,Charlie Tilson,54,157,16,38,0,1,4,0,0.198,0.557,0.245,0.256
803,2019,Yu-Cheng Chang,28,84,8,22,0,4,0,0,0.157,0.51,0.33299999999999996,0.254
804,2019,Tim Federowicz,29,83,6,31,0,1,1,0,0.318,0.318,0.364,0.23600000000000002
805,2019,Sandy Leon,65,191,14,47,1,0,0,0,0.2,0.35200000000000004,0.44799999999999995,0.239
806,2019,Jesus Sucre,21,67,3,13,0,1,0,0,0.204,0.49,0.306,0.231
807,2019,Jack Mayfield,26,65,8,16,0,0,0,0,0.188,0.354,0.45799999999999996,0.204
808,2019,Adrian Sanchez,28,32,3,10,0,0,0,0,0.23800000000000002,0.667,0.095,0.212
809,2019,Kaleb Cowart,9,26,1,7,0,2,1,0,0.278,0.33299999999999996,0.389,0.2
810,2019,Juan Graterol,6,18,1,4,0,0,0,0,0.214,0.5710000000000001,0.214,0.193
811,2019,Max Moroff,20,35,3,16,0,0,1,0,0.267,0.267,0.467,0.185
812,2019,Ryan Flaherty,14,22,4,7,0,1,0,0,0.214,0.5710000000000001,0.214,0.157
813,2019,Anthony Bemboom,25,56,2,21,0,0,0,0,0.125,0.375,0.5,0.149
814,2019,Deivy Grullon,4,9,0,2,0,1,0,0,0.429,0.14300000000000002,0.429,0.135
815,2019,David Freitas,17,20,2,5,1,1,0,0,0.091,0.455,0.455,0.182
816,2019,Rocky Gale,5,15,1,7,0,1,0,0,0.25,0.375,0.375,0.11599999999999999
817,2019,Clayton Kershaw,29,65,1,16,0,0,0,0,0.10300000000000001,0.621,0.276,0.10800000000000001
818,2019,Patrick Corbin,33,72,3,27,0,0,0,0,0.171,0.743,0.086,0.11199999999999999
819,2019,Chris Paddack,26,46,3,19,0,0,0,0,0.174,0.7390000000000001,0.087,0.10400000000000001
820,2019,Tyler Mahle,27,41,4,19,0,0,0,0,0.0,0.857,0.14300000000000002,0.10400000000000001
821,2019,Anibal Sanchez,30,56,1,24,0,3,0,0,0.24,0.72,0.04,0.1
822,2019,Mike Soroka,29,63,2,22,0,1,0,0,0.172,0.7240000000000001,0.10300000000000001,0.11199999999999999
823,2019,Sandy Alcantara,32,63,2,46,0,0,0,0,0.273,0.727,0.0,0.102
824,2019,Jordan Lyles,28,48,3,28,0,1,0,0,0.059000000000000004,0.765,0.17600000000000002,0.10400000000000001
825,2019,Jarrett Parker,5,15,1,8,0,0,0,0,0.0,0.5,0.5,0.138
826,2019,Cal Quantrill,23,30,1,6,0,0,0,1,0.063,0.938,0.0,0.09300000000000001
827,2019,Connor Joe,8,16,1,5,0,1,0,0,0.1,0.7,0.2,0.09699999999999999
828,2019,Raudy Read,6,11,0,5,0,1,0,0,0.16699999999999998,0.5,0.33299999999999996,0.079
829,2019,Seby Zavala,5,12,1,9,0,0,0,0,0.33299999999999996,0.33299999999999996,0.33299999999999996,0.07200000000000001
830,2019,Mike Leake,32,24,0,11,0,0,0,0,0.2,0.5,0.3,0.071
831,2019,Jordan Yamamoto,16,26,0,9,0,1,0,0,0.182,0.818,0.0,0.071
832,2019,Gio Gonzalez,19,28,1,17,0,0,0,0,0.125,0.5,0.375,0.06
833,2019,Marcus Stroman,32,25,2,13,0,1,0,0,0.222,0.667,0.111,0.038
834,2019,Alex Young,17,25,1,18,0,0,0,0,0.0,1.0,0.0,0.035
835,2019,Jerad Eickhoff,12,19,0,7,0,0,0,0,0.0,0.857,0.14300000000000002,0.046
836,2019,Jose Urena,25,22,1,14,0,1,0,0,0.0,1.0,0.0,0.035
837,2019,Drew Smyly,25,20,1,9,0,0,0,0,0.0,1.0,0.0,0.035
838,2019,Ruben Tejada,6,9,1,3,0,0,0,0,0.16699999999999998,0.5,0.33299999999999996,0.0
839,2019,Drew Pomeranz,46,20,0,13,0,1,0,0,0.0,1.0,0.0,0.0
840,2019,Yasmany Tomas,4,6,0,3,0,1,0,0,0.0,1.0,0.0,0.0
841,2019,Ian Desmond,140,482,64,119,2,12,3,3,0.225,0.47100000000000003,0.305,0.32799999999999996
842,2019,Bryan Holaday,43,129,12,21,1,5,0,1,0.221,0.495,0.284,0.326
843,2019,Miguel Cabrera,136,549,41,108,5,18,0,0,0.244,0.43799999999999994,0.318,0.318
844,2019,Ronald Guzman,87,295,34,87,4,7,1,2,0.289,0.37,0.341,0.306
845,2019,Matt Wieters,67,183,15,47,2,3,1,1,0.21100000000000002,0.382,0.40700000000000003,0.292
846,2019,D.J. Stewart,44,142,15,26,1,3,1,2,0.141,0.485,0.374,0.299
847,2019,Harold Castro,97,369,30,86,4,6,4,2,0.251,0.524,0.225,0.292
848,2019,Matt Duffy,46,169,12,29,1,4,0,1,0.22699999999999998,0.5379999999999999,0.235,0.299
849,2019,Zack Collins,27,102,10,39,0,1,0,0,0.23399999999999999,0.319,0.447,0.285
850,2019,Taylor Ward,20,48,4,23,0,1,0,0,0.263,0.368,0.368,0.275
851,2019,Daniel Robertson,74,237,23,59,0,10,2,2,0.19,0.531,0.27899999999999997,0.275
852,2019,Nick Hundley,31,73,5,18,0,7,0,1,0.096,0.442,0.462,0.248
853,2019,Pat Valaika,40,86,11,34,0,1,0,0,0.222,0.33299999999999996,0.444,0.248
854,2019,Yangervis Solarte,28,78,9,16,0,4,0,0,0.316,0.509,0.175,0.23600000000000002
855,2019,Austin Allen,34,71,4,21,0,2,0,0,0.23800000000000002,0.452,0.31,0.23
856,2019,Chris Herrmann,30,94,9,29,0,4,0,0,0.23600000000000002,0.545,0.218,0.248
857,2019,Austin Wynns,28,74,8,14,0,2,0,0,0.182,0.564,0.255,0.226
858,2019,Mark Trumbo,12,31,1,5,0,2,0,0,0.20800000000000002,0.5,0.292,0.218
859,2019,Luke Maile,45,129,9,33,0,1,1,0,0.244,0.419,0.337,0.19399999999999998
860,2019,Max Stassi,51,147,7,49,2,3,0,0,0.212,0.45899999999999996,0.32899999999999996,0.177
861,2019,Patrick Wisdom,9,28,1,15,0,0,0,0,0.455,0.091,0.455,0.16699999999999998
862,2019,Kean Wong,7,18,2,6,0,0,0,1,0.182,0.636,0.182,0.145
863,2019,Andrew Velazquez,15,24,3,13,0,0,1,0,0.2,0.4,0.4,0.13
864,2019,Julio Teheran,35,60,1,24,1,0,0,0,0.09699999999999999,0.516,0.387,0.099
865,2019,Anthony DeSclafani,31,57,0,28,0,0,0,0,0.12,0.8,0.08,0.095
866,2019,Luis Castillo,32,66,3,32,0,1,0,0,0.24,0.4,0.36,0.09
867,2019,Yu Darvish,31,62,1,31,1,1,0,0,0.083,0.75,0.16699999999999998,0.09699999999999999
868,2019,Chris Shaw,16,20,0,8,0,0,0,0,0.1,0.6,0.3,0.113
869,2019,Jose Quintana,32,63,2,27,0,1,0,0,0.12,0.84,0.04,0.087
870,2019,Dakota Hudson,33,59,1,24,0,1,0,0,0.16699999999999998,0.75,0.083,0.081
871,2019,Jason Vargas,30,45,0,22,0,1,0,0,0.25,0.563,0.188,0.065
872,2019,Joey Lucchesi,30,54,0,36,0,0,0,0,0.182,0.727,0.091,0.067
873,2019,Alex Jackson,4,15,0,5,0,1,0,0,0.25,0.25,0.5,0.051
874,2019,Mike Foltynewicz,21,38,1,19,0,1,0,0,0.188,0.688,0.125,0.05
875,2019,Chi Chi Gonzalez,14,24,0,15,0,0,0,0,0.111,0.778,0.111,0.036000000000000004
876,2019,Kevin Gausman,31,27,1,18,0,1,0,0,0.111,0.889,0.0,0.032
877,2019,Bradley Zimmer,9,14,1,7,0,0,0,0,0.0,0.8,0.2,0.049
878,2019,Eric Hosmer,160,667,72,163,5,12,0,3,0.209,0.56,0.231,0.309
879,2019,Albert Pujols,131,545,55,68,8,21,3,0,0.153,0.45899999999999996,0.387,0.308
880,2019,Jake Bauers,117,423,46,115,3,3,3,3,0.237,0.385,0.377,0.29600000000000004
881,2019,Orlando Arcia,152,546,51,109,6,15,8,5,0.18,0.514,0.306,0.26899999999999996
882,2019,Travis Demeritte,48,186,24,63,1,3,3,0,0.215,0.39299999999999996,0.39299999999999996,0.272
883,2019,Odubel Herrera,39,139,12,33,1,0,2,2,0.245,0.40399999999999997,0.35100000000000003,0.272
884,2019,Justin Bour,52,170,18,52,1,7,0,0,0.14,0.46,0.4,0.267
885,2019,Marco Hernandez,61,155,18,42,0,1,1,2,0.243,0.524,0.233,0.266
886,2019,Bobby Bradley,15,49,4,20,0,2,0,0,0.24,0.44,0.32,0.256
887,2019,Peter O'Brien,14,47,2,19,0,2,1,0,0.217,0.435,0.348,0.23399999999999999
888,2019,Jaylin Davis,17,47,2,11,0,1,1,2,0.129,0.677,0.19399999999999998,0.22699999999999998
889,2019,Yadiel Rivera,34,66,8,20,0,1,2,0,0.132,0.605,0.263,0.218
890,2019,Gorkys Hernandez,20,57,5,14,1,0,1,0,0.147,0.47100000000000003,0.382,0.204
891,2019,Tyler Saladino,28,71,7,26,0,1,2,0,0.184,0.526,0.289,0.187
892,2019,Erik Kratz,21,53,1,14,0,0,0,0,0.114,0.429,0.457,0.16899999999999998
893,2019,Isaac Galloway,19,54,6,17,0,0,2,0,0.18899999999999997,0.405,0.405,0.151
894,2019,Dustin Pedroia,6,21,1,2,0,2,0,0,0.055999999999999994,0.556,0.389,0.11599999999999999
895,2019,Mike Gerber,12,26,0,15,0,0,0,0,0.111,0.667,0.222,0.1
896,2019,Jon Gray,27,59,1,22,0,2,0,0,0.14300000000000002,0.7140000000000001,0.14300000000000002,0.094
897,2019,Robbie Ray,34,60,1,28,0,2,0,0,0.12,0.8,0.08,0.063
898,2019,Frank Schwindel,6,15,0,2,0,0,0,0,0.154,0.385,0.462,0.057999999999999996
899,2019,Chris Iannetta,52,164,20,54,1,9,0,0,0.275,0.396,0.33,0.303
900,2019,Maikel Franco,123,428,48,61,3,14,0,0,0.166,0.43200000000000005,0.402,0.281
901,2019,Tony Wolters,121,411,42,68,6,9,0,1,0.268,0.444,0.28800000000000003,0.29
902,2019,Johan Camargo,98,248,31,43,0,5,1,0,0.201,0.439,0.36,0.27899999999999997
903,2019,Jonathan Lucroy,101,328,30,51,3,17,0,0,0.20800000000000002,0.45299999999999996,0.33899999999999997,0.28600000000000003
904,2019,Steven Duggar,73,281,26,78,3,1,1,4,0.214,0.5,0.28600000000000003,0.265
905,2019,Pablo Reyes,71,157,18,36,0,0,1,1,0.132,0.47200000000000003,0.396,0.26
906,2019,Bubba Starling,56,197,26,56,0,4,2,0,0.23600000000000002,0.425,0.33899999999999997,0.247
907,2019,Scooter Gennett,42,139,15,41,2,1,0,0,0.239,0.435,0.326,0.24100000000000002
908,2019,Nicky Delmonico,21,68,6,25,0,1,0,1,0.184,0.447,0.368,0.243
909,2019,Tomas Nido,50,144,9,37,0,4,0,0,0.153,0.551,0.29600000000000004,0.22699999999999998
910,2019,Blake Swihart,43,99,13,36,0,2,0,0,0.23199999999999998,0.429,0.33899999999999997,0.228
911,2019,Matt Skole,27,80,7,31,1,0,0,0,0.214,0.405,0.381,0.23199999999999998
912,2019,Mac Williamson,40,144,13,44,0,3,2,1,0.19,0.536,0.27399999999999997,0.23
913,2019,Carter Kieboom,11,43,4,16,0,0,0,0,0.13,0.478,0.391,0.204
914,2019,Jake Elmore,20,49,3,8,0,0,0,1,0.237,0.395,0.368,0.213
915,2019,Drew Butera,16,49,6,14,1,2,0,0,0.2,0.33299999999999996,0.467,0.20600000000000002
916,2019,Kevin Kramer,22,50,5,17,2,0,0,1,0.259,0.29600000000000004,0.444,0.212
917,2019,A.J. Reed,14,49,1,21,1,1,0,0,0.125,0.375,0.5,0.185
918,2019,Alen Hanson,18,48,5,17,1,0,1,0,0.16699999999999998,0.5,0.33299999999999996,0.174
919,2019,Braden Bishop,27,60,3,21,0,0,0,0,0.171,0.486,0.34299999999999997,0.124
920,2019,Peter Bourjos,26,46,4,15,1,1,2,0,0.133,0.33299999999999996,0.5329999999999999,0.098
921,2019,Merrill Kelly,32,60,3,25,0,2,0,0,0.15,0.7,0.15,0.042
922,2019,Antonio Senzatela,25,46,2,24,0,0,0,0,0.154,0.6920000000000001,0.154,0.038
923,2019,Steve Wilkerson,119,361,41,108,2,5,3,3,0.18600000000000003,0.452,0.36200000000000004,0.28600000000000003
924,2019,Dawel Lugo,77,288,28,59,4,8,0,0,0.235,0.484,0.281,0.272
925,2019,Brandon Drury,120,447,43,113,3,6,0,1,0.24,0.419,0.341,0.271
926,2019,Jose Peraza,141,403,37,58,2,9,7,6,0.215,0.36,0.426,0.272
927,2019,Leonys Martin,65,264,32,78,0,1,4,5,0.152,0.41100000000000003,0.43700000000000006,0.26899999999999996
928,2019,Rosell Herrera,63,119,10,27,0,2,4,1,0.19699999999999998,0.461,0.342,0.263
929,2019,J.T. Riddle,51,139,15,42,0,3,0,0,0.16699999999999998,0.5,0.33299999999999996,0.25
930,2019,Carlos Gonzalez,45,166,21,52,2,3,0,3,0.191,0.564,0.245,0.254
931,2019,Jose Rondon,56,157,10,38,0,4,0,0,0.18100000000000002,0.514,0.305,0.24100000000000002
932,2019,Brendan Rodgers,25,81,8,27,0,2,0,0,0.22399999999999998,0.49,0.28600000000000003,0.23399999999999999
933,2019,Yonathan Daza,44,105,7,21,1,2,1,0,0.17600000000000002,0.595,0.23,0.221
934,2019,Jake Rogers,35,128,11,51,0,3,0,0,0.16899999999999998,0.373,0.45799999999999996,0.21600000000000003
935,2019,Josh Harrison,36,147,10,27,2,0,4,2,0.182,0.364,0.455,0.20800000000000002
936,2019,Scott Schebler,30,95,11,27,0,3,0,1,0.111,0.593,0.29600000000000004,0.223
937,2019,Corban Joseph,28,68,5,12,1,2,0,0,0.151,0.47200000000000003,0.377,0.18899999999999997
938,2019,Franklin Barreto,23,58,6,23,0,0,1,0,0.061,0.5760000000000001,0.364,0.166
939,2019,Bobby Wilson,15,47,2,11,0,1,0,0,0.121,0.424,0.455,0.113
940,2019,Mikie Mahtook,9,25,0,11,0,0,0,0,0.0,0.33299999999999996,0.667,0.055
941,2019,Melky Cabrera,133,397,43,41,0,14,2,0,0.23199999999999998,0.473,0.295,0.301
942,2019,Austin Dean,64,189,17,47,1,5,0,2,0.242,0.447,0.311,0.276
943,2019,Albert Almora Jr.,130,363,41,62,2,8,2,1,0.188,0.531,0.282,0.271
944,2019,Tyler White,83,279,18,78,3,7,0,0,0.242,0.41200000000000003,0.345,0.27399999999999997
945,2019,Jedd Gyorko,62,101,6,24,0,3,2,0,0.191,0.41200000000000003,0.397,0.22399999999999998
946,2019,Humberto Arteaga,41,135,11,28,0,2,1,1,0.226,0.495,0.28,0.221
947,2019,Socrates Brito,17,43,5,17,0,2,0,0,0.091,0.636,0.273,0.14
948,2019,Eric Stamets,15,48,4,24,1,2,0,0,0.222,0.278,0.5,0.11800000000000001
949,2019,Dwight Smith Jr.,101,392,46,82,4,8,5,1,0.187,0.47100000000000003,0.342,0.299
950,2019,Cheslor Cuthbert,87,330,24,67,0,14,1,0,0.182,0.426,0.39299999999999996,0.287
951,2019,Juan Lagares,133,285,38,75,1,8,4,1,0.183,0.467,0.35,0.258
952,2019,Mark Reynolds,78,162,13,57,3,3,2,0,0.222,0.34600000000000003,0.43200000000000005,0.267
953,2019,Kendrys Morales,53,201,16,26,1,6,0,0,0.172,0.545,0.28300000000000003,0.264
954,2019,Travis Shaw,86,270,22,89,0,5,0,0,0.221,0.28600000000000003,0.493,0.248
955,2019,Daniel Descalso,82,194,20,57,1,3,2,1,0.2,0.455,0.345,0.23800000000000002
956,2019,Keon Broxton,100,228,24,104,2,5,10,6,0.16699999999999998,0.49,0.344,0.22899999999999998
957,2019,Matt Kemp,20,62,4,19,1,2,0,0,0.19,0.429,0.381,0.20800000000000002
958,2019,Chris Owings,67,196,13,78,0,2,5,2,0.149,0.574,0.27699999999999997,0.198
959,2019,Jake Fraley,12,41,3,14,0,0,0,0,0.115,0.308,0.5770000000000001,0.162
960,2019,Cedric Mullins II,22,74,7,14,1,2,1,0,0.078,0.529,0.392,0.159
961,2019,Raimel Tapia,138,447,54,100,0,2,9,3,0.225,0.517,0.258,0.307
962,2019,Sam Travis,59,157,17,36,1,6,2,0,0.11900000000000001,0.55,0.33,0.273
963,2019,Jon Jay,47,182,12,30,1,1,0,0,0.261,0.515,0.22399999999999998,0.275
964,2019,Jung Ho Kang,65,185,15,60,1,4,0,0,0.212,0.40700000000000003,0.381,0.256
965,2019,Grayson Greiner,58,224,18,70,1,5,0,0,0.151,0.525,0.324,0.242
966,2019,Meibrys Viloria,42,148,7,44,4,4,0,1,0.157,0.584,0.258,0.23600000000000002
967,2019,Steve Pearce,29,99,9,31,1,5,0,0,0.237,0.40700000000000003,0.35600000000000004,0.22399999999999998
968,2019,Nick Williams,67,112,9,43,0,1,0,0,0.28600000000000003,0.397,0.317,0.193
969,2019,Zack Cozart,38,107,4,16,3,2,0,0,0.214,0.31,0.47600000000000003,0.15
970,2019,Aaron Altherr,49,66,8,25,1,1,0,0,0.243,0.324,0.43200000000000005,0.135
971,2019,Welington Castillo,72,251,19,74,2,8,0,0,0.165,0.449,0.386,0.287
972,2019,Khris Davis,133,533,61,146,2,11,0,0,0.205,0.42100000000000004,0.374,0.289
973,2019,Ryan O'Hearn,105,370,32,99,2,7,0,1,0.177,0.46299999999999997,0.359,0.278
974,2019,Isiah Kiner-Falefa,65,222,23,49,1,9,3,0,0.16899999999999998,0.5,0.331,0.272
975,2019,Richie Martin Jr.,120,309,29,83,1,6,10,1,0.198,0.495,0.307,0.252
976,2019,Lucas Duda,39,119,7,32,2,3,0,0,0.187,0.32,0.493,0.245
977,2019,Eduardo Nunez,60,174,13,27,2,6,5,1,0.183,0.542,0.275,0.233
978,2019,Miguel Andujar,12,49,1,11,1,4,0,0,0.081,0.486,0.43200000000000005,0.121
979,2019,Christin Stewart,104,416,32,103,6,4,0,1,0.254,0.335,0.41200000000000003,0.294
980,2019,Yonder Alonso,121,335,34,70,2,13,0,1,0.19699999999999998,0.426,0.377,0.27699999999999997
981,2019,John Hicks,95,333,29,109,1,7,1,1,0.188,0.409,0.40399999999999997,0.259
982,2019,Isan Diaz,49,201,17,59,1,2,0,3,0.134,0.41200000000000003,0.45399999999999996,0.248
983,2019,Martin Prado,104,260,26,41,3,10,0,0,0.217,0.498,0.285,0.243
984,2019,Chris Davis,105,352,26,139,3,6,0,0,0.23399999999999999,0.38,0.386,0.263
985,2019,Daniel Palka,30,93,4,35,0,3,0,1,0.14300000000000002,0.469,0.38799999999999996,0.174
986,2019,Curtis Granderson,138,363,44,98,2,3,0,3,0.22,0.326,0.45399999999999996,0.275
987,2019,Elias Diaz,101,332,31,56,3,11,0,0,0.213,0.474,0.313,0.265
988,2019,Lewis Brinson,75,248,15,74,1,8,1,1,0.171,0.493,0.336,0.205
989,2019,Jeff Mathis,88,244,17,87,1,2,1,0,0.21600000000000003,0.396,0.38799999999999996,0.19
